{"type": "FeatureCollection", "features": [{"id": "0", "type": "Feature", "properties": {"IDRIO": 47611, "CORIO": "7976_0", "NORIOCOMP": "Rio Camaquã", "NUDISTBACR": 0.0, "NUCOMPRIO": 316.035543, "DSVERSAO": "BHO 2013 versao 1.3 de 22/07/2014", "rio": "Camaqua", "serie": "Qcamaqua", "vazao": {"2026-07-04": 103.918, "2026-07-05": 80.754, "2026-07-06": 58.968, "2026-07-07": 49.47, "2026-07-08": 44.66, "2026-07-09": 41.104, "2026-07-10": 37.978}}, "geometry": {"type": "MultiLineString", "coordinates": [[[-51.8088126704044, -31.12041035391947], [-51.80724427875211, -31.120757800018424], [-51.80082095931104, -31.122180407995874], [-51.79082251354676, -31.123244903345892], [-51.78833142915586, -31.124694369225413], [-51.78585980973968, -31.12858324727757], [-51.78622975837864, -31.132741556472965], [-51.78909813643569, -31.136886050664987], [-51.79244756849188, -31.138730450070305], [-51.80332327243114, -31.142682632201282], [-51.81019778979407, -31.14680207393052], [-51.81390171874178, -31.15122759146185], [-51.815622277048384, -31.15738596841444], [-51.8146573050575, -31.161983187962914], [-51.81203290966987, -31.167308179443694], [-51.81003734976279, -31.16818209078113], [-51.80787068123231, -31.168338245786295], [-51.80217171074607, -31.16507269898179], [-51.79915775706487, -31.164086526523935], [-51.79615556864881, -31.163961044161248], [-51.79315717984159, -31.164983293302985], [-51.78968610058943, -31.169021049135498], [-51.787812845524975, -31.18510221013491], [-51.786527340429096, -31.19113501172922], [-51.7816139734692, -31.202928381984616], [-51.7820073711321, -31.21053059159003], [-51.77835287030581, -31.212848431809856], [-51.778200150395634, -31.214713930818267], [-51.77995126164354, -31.218339487284915], [-51.78015108165926, -31.220327001181996], [-51.780160662187456, -31.220422298272926]], [[-52.63628999092265, -30.955264978116926], [-52.63230779997239, -30.95850555762896], [-52.62877887309118, -30.956849996306016], [-52.62730661617112, -30.95553609197084]], [[-52.103311957082745, -30.92845352048693], [-52.10325250634629, -30.92858855887918], [-52.103249237360785, -30.928595979900756], [-52.10108810093279, -30.93350240515583], [-52.09992862486253, -30.93422909528054], [-52.09961199803814, -30.93552185812875], [-52.09583525607527, -30.940433514189827], [-52.09355807546343, -30.94504357746696], [-52.09260806948105, -30.949642448962017], [-52.09335201862289, -30.956524145387778], [-52.092779031517686, -30.96037857753875], [-52.09266308953138, -30.961158381985367], [-52.09265760367401, -30.961195279053776]], [[-53.343303058505235, -30.98518686041552], [-53.34309140588723, -30.985334827365154], [-53.34284680117304, -30.98550583146267], [-53.33978579723473, -30.987645786197255], [-53.33318635452381, -30.99034467053734], [-53.332589843964584, -30.990393048776493], [-53.33236334361316, -30.990411431626725], [-53.33069908468251, -30.990546375873794]], [[-53.64350202465055, -30.84156228596689], [-53.643526539994205, -30.84200792340067], [-53.64393704524502, -30.849470031660076], [-53.642827065222, -30.851501734104307], [-53.642933714635824, -30.85551843342595], [-53.643872065517364, -30.859375064514516], [-53.64523761505903, -30.86078283716788], [-53.65146325815887, -30.86338614143519], [-53.65151662537237, -30.865394450590816], [-53.650055467641394, -30.8667145164836], [-53.64608434949333, -30.86751171795061], [-53.63610151373655, -30.867567333548756], [-53.62805642971452, -30.865286210311538], [-53.61838196660431, -30.864471821749145], [-53.611961828623386, -30.860723514829463], [-53.605152406672936, -30.86114522822932], [-53.60345130303648, -30.859743526801648], [-53.60151736524891, -30.855760776186703], [-53.5998234400732, -30.854646837068778], [-53.596672319578715, -30.855139119169433], [-53.59391452210759, -30.857776909358925], [-53.594380112686714, -30.86279135655988], [-53.59581013463134, -30.866638606856725], [-53.595543485963326, -30.869083603707473], [-53.59053852508245, -30.881237476300537], [-53.59074852186151, -30.882955854550616], [-53.593006880571316, -30.88649972944816], [-53.59504744174776, -30.888181943955075], [-53.59959085391934, -30.89010250057997], [-53.6010039973673, -30.89203602367449], [-53.60120058693377, -30.892305006270206], [-53.60120807303152, -30.892315248254786]], [[-52.62730661617112, -30.95553609197084], [-52.627075910679416, -30.955330807545838], [-52.62703032818712, -30.95529024765944], [-52.62583384326449, -30.954225549641116], [-52.62653608624216, -30.950004422753977], [-52.62473544064211, -30.944263326992814], [-52.62190485955585, -30.943485586245924], [-52.61765875111066, -30.944719456169977], [-52.61546927199572, -30.946371140184826], [-52.6095375942219, -30.948955586919656], [-52.600248650214645, -30.949381185057945], [-52.59108575736694, -30.949058428785975], [-52.58790020996054, -30.94766235753112], [-52.584627364453205, -30.940813451653803], [-52.58141904492302, -30.937982908648717], [-52.578081242717296, -30.93744681103068], [-52.57038673483287, -30.93866185038887], [-52.5692206085677, -30.938514275415297], [-52.567506746420214, -30.938297418332912]], [[-53.05486445552254, -30.973524587112486], [-53.054569253599816, -30.973518083179698], [-53.05452950334092, -30.97351720532335], [-53.04414495469324, -30.973287953861174], [-53.039033280590516, -30.975662975371797], [-53.03016765471386, -30.981970201350222], [-53.02620045562266, -30.983465814621862], [-53.02120706068982, -30.983685249073012], [-53.017834859462354, -30.981726360960188], [-53.01607647480465, -30.977161965785907], [-53.01506143204994, -30.96813634044455], [-53.01698021978047, -30.948015783820733], [-53.02043628448762, -30.937916319863405], [-53.02097794742591, -30.931881311485835], [-53.019276788518894, -30.921862403360006], [-53.017478315466, -30.919504410997035], [-53.01746986135764, -30.919493327014127], [-53.01743788694713, -30.919451273078604]], [[-52.862380744925204, -30.91681576073998], [-52.8603379721301, -30.916475080723075], [-52.85788735438005, -30.91606631009979], [-52.85704835372428, -30.91580773181959], [-52.84933064249452, -30.913428591833096], [-52.838416653844085, -30.9084119461271], [-52.82981825227138, -30.903228126800716]], [[-53.414401671588344, -30.962046568933708], [-53.41376428272517, -30.962490318790138], [-53.41338942362942, -30.962751295470092], [-53.413379471600344, -30.962758224514673], [-53.413318931613375, -30.96283894883163], [-53.40669611704432, -30.97166939749983], [-53.400066145161254, -30.972937752258208], [-53.39512997424998, -30.97546665930918], [-53.39321886495458, -30.9790888455841], [-53.39046051451988, -30.9821522412986], [-53.38399884337604, -30.98356002260837], [-53.37932934767556, -30.983355610453067], [-53.37397320842363, -30.982302841804735], [-53.36354424208388, -30.97804012690696], [-53.35820699447778, -30.97770459503037], [-53.35158473369724, -30.97940016726129], [-53.3448058828959, -30.984136805673266], [-53.34348916904882, -30.9850567935805], [-53.343303058505235, -30.98518686041552]], [[-52.42566782774524, -30.900522862625063], [-52.4254018944512, -30.901437536767425], [-52.42381340161839, -30.906901233563175], [-52.4234128524335, -30.913794551923885], [-52.420952830718164, -30.916115678791872], [-52.41896894111935, -30.916998493084012], [-52.41696227711432, -30.916590700789182], [-52.412937787055306, -30.914336292376536], [-52.403507692753664, -30.906687419447497], [-52.39748037740641, -30.90416796089198], [-52.38948096098999, -30.90324690750785], [-52.3635335621786, -30.904233060220786], [-52.35751739734049, -30.90242865053088], [-52.34746177477156, -30.89722147294055], [-52.34345281404712, -30.896258147110963], [-52.33346161679582, -30.895785424443474], [-52.32144549703656, -30.89317822926529], [-52.313400384882925, -30.88866542629936], [-52.30940645409413, -30.888705480713774], [-52.303447501711744, -30.891061041223924], [-52.28833364353104, -30.90598783410964], [-52.28419860082866, -30.907893397474986], [-52.28170025628859, -30.907630060115718], [-52.27766408723557, -30.90436895336096], [-52.27577576321437, -30.900082848535508], [-52.27429955987643, -30.888760681994725], [-52.272914554508205, -30.884755620715282], [-52.27123617741605, -30.883479523070864], [-52.268066140758386, -30.882647818369268], [-52.2531049615629, -30.88393903081958], [-52.244109335835944, -30.88287686873669], [-52.23754817145221, -30.883159121674776]], [[-53.706486643320815, -30.792356393900754], [-53.70631180759379, -30.792840578108592], [-53.70480914453623, -30.79700201348858], [-53.704740102039075, -30.7971932179655], [-53.70468215446093, -30.797353661365708]], [[-52.517591287709735, -30.929560363477275], [-52.51758958869586, -30.92955978348273], [-52.51702259608202, -30.929366245281937], [-52.51591545007273, -30.928988331795047], [-52.513156310620026, -30.928046514549468], [-52.51315461960615, -30.92804591755481]], [[-52.76757337784562, -30.89876111761911], [-52.75716656959212, -30.89645721838339]], [[-53.55693125216313, -30.91490212981559], [-53.557054842625554, -30.915649490240234], [-53.557108884576884, -30.915976290425935], [-53.55714072672664, -30.916168854535304], [-53.55835021440804, -30.923483214685792], [-53.555245209369886, -30.925841040818852], [-53.552425750194, -30.92618043654031], [-53.542713492313354, -30.92407104362343], [-53.53805172453194, -30.924017735625984], [-53.53463394804993, -30.927096074752104], [-53.53470677393738, -30.92982164568552], [-53.5360684077984, -30.931087744186478], [-53.54651677490032, -30.92945157501175], [-53.549351266993625, -30.92968437590587], [-53.55190355952775, -30.931789930027563], [-53.55230020602278, -30.93422158442389], [-53.550900248681366, -30.93797936095233], [-53.54796246368102, -30.940332720468405], [-53.54345350572128, -30.939844393411075], [-53.5354084572144, -30.937702756363173], [-53.5300907051433, -30.93823280445726], [-53.52748504749567, -30.940436128583332], [-53.52753125498066, -30.942301181601877], [-53.532303475982474, -30.946514473063996], [-53.534466278485624, -30.94647444409539], [-53.53698794718087, -30.94743219098073], [-53.53767486073077, -30.948689305936668], [-53.53785374647822, -30.949016683664706], [-53.537884080944146, -30.94907219761859]], [[-52.23754817145221, -30.883159121674776], [-52.237236817267416, -30.88333390202324], [-52.23692325207427, -30.883509923381236], [-52.22925146887892, -30.88781693160819], [-52.2146180724585, -30.893193613249622], [-52.202277472283015, -30.904641428659502], [-52.196460236983285, -30.904981499003135], [-52.19042525224439, -30.901592056208713], [-52.18742291263104, -30.90075818189018], [-52.18292903050796, -30.900798724080644], [-52.178504017235994, -30.906721012787234], [-52.174712357513016, -30.90962377023456], [-52.173049047732924, -30.90963936322845], [-52.169531795914054, -30.90780439143639], [-52.165644550456484, -30.90281659580448], [-52.16247053663415, -30.90155212952761], [-52.14882936822889, -30.90210110621854], [-52.14532767574149, -30.90155775006706], [-52.134627051149025, -30.89705832650497], [-52.133128134415834, -30.897070044898502], [-52.129339798757165, -30.90040391891058], [-52.12540697853753, -30.905889496293454], [-52.11566418613763, -30.912572874113145], [-52.11204026284084, -30.915760138342392], [-52.10878255786035, -30.922245133627094], [-52.10468590253389, -30.926894306489967], [-52.10370309549583, -30.92800963849503], [-52.103311957082745, -30.92845352048693]], [[-52.82981825227138, -30.903228126800716], [-52.82936905285389, -30.90311980229273], [-52.827818701058916, -30.902745935441963], [-52.822280364921454, -30.901410322834476], [-52.81914480680041, -30.901215885950123], [-52.805575856962626, -30.905419826375372], [-52.800837984508625, -30.901322608395166], [-52.78852018392149, -30.901057658670545], [-52.76841253769881, -30.898853142697316], [-52.767960622546674, -30.898803584270812], [-52.76757337784562, -30.89876111761911]], [[-52.75716656959212, -30.89645721838339], [-52.75582705651793, -30.896160466856994], [-52.75535503896791, -30.89605589743336], [-52.75424514762049, -30.89581001513995], [-52.747111517964754, -30.894229445959795], [-52.73645702299283, -30.89313840013038], [-52.726813091832966, -30.893550677538137], [-52.70888795724629, -30.896222961752827], [-52.70183464050096, -30.902339652004738], [-52.69737124766749, -30.903976300219963], [-52.690737326858525, -30.905208577773617], [-52.68207395869532, -30.904744716516532], [-52.675089411432786, -30.905118623247], [-52.67112222474537, -30.906747539657516], [-52.67017221263012, -30.909629740747498], [-52.66756280429482, -30.912818673226592], [-52.66259997393637, -30.914604253437524], [-52.65264716533814, -30.916593739951434], [-52.64804717535453, -30.9202382062091], [-52.645139955588, -30.925584898504805], [-52.638102238364084, -30.94289215389771], [-52.63638555791693, -30.949800478856318], [-52.63630321931333, -30.954506697109753], [-52.63630257648817, -30.95454343715861], [-52.63629859957494, -30.95477174946182], [-52.63628999092265, -30.955264978116926]], [[-51.94697753929028, -31.024083062609414], [-51.9466001180787, -31.023931625763918], [-51.9434641373923, -31.022673129355997], [-51.94211025212442, -31.020529819371855], [-51.939439693897384, -31.01997422022353], [-51.931364125911244, -31.029072549308616], [-51.929033543368554, -31.029230898888745], [-51.9211862484359, -31.027707063043188], [-51.917901820678175, -31.033039859924912], [-51.91475460713425, -31.034926577734115], [-51.909746190524764, -31.033957128430252], [-51.90205946305603, -31.031283252471994], [-51.896726660869895, -31.03146273185535], [-51.89562438007516, -31.03217573176158], [-51.894979119853694, -31.032593111633656], [-51.894868888474264, -31.032664418124284]], [[-53.12174051689232, -30.987438219282943], [-53.12168160437164, -30.987001867969987], [-53.12123272516713, -30.983677112584502], [-53.11910049655863, -30.981443775655904], [-53.10970870499624, -30.978291063075517], [-53.09139802791694, -30.970974428927274], [-53.07977067900956, -30.964556120479354], [-53.074097875319836, -30.96407172755047], [-53.071111175536565, -30.964548392008226], [-53.067151702634405, -30.966475052774836], [-53.05927777825953, -30.972193438417353], [-53.05486445552254, -30.973524587112486]], [[-52.47395433777715, -30.90976381350566], [-52.47004426327143, -30.910969362159907], [-52.46672923475614, -30.913645529563535]], [[-51.780160662187456, -31.220422298272926], [-51.778745166263874, -31.221943849376807], [-51.77845365886764, -31.22225718683974], [-51.77445411643119, -31.226556163911788], [-51.77331738315277, -31.229676758115623], [-51.77367961888246, -31.234252889830593], [-51.773027412990324, -31.235976765448754], [-51.76754573484982, -31.23988287834559], [-51.76310514469433, -31.245859072212042], [-51.762478114402406, -31.24869500320072], [-51.762460759671114, -31.24877349536646]], [[-53.258883715092594, -31.00679165079211], [-53.258844689739924, -31.006770588909692], [-53.25690756723563, -31.005725530744577], [-53.25374866971134, -30.998746673962085], [-53.25150583763042, -30.995339993089196], [-53.24762632790812, -30.99311055059983], [-53.24562743331592, -30.993142789941363], [-53.24033629848228, -30.994955039439265], [-53.23329405227348, -31.000383372660064], [-53.22980737442743, -31.000871768983057], [-53.22727456970282, -30.999336204399096], [-53.22479120786105, -30.992633406445186], [-53.2213428150066, -30.987380674743793], [-53.21850836843758, -30.987283444977457], [-53.21519330808801, -30.988057924011244], [-53.21044390280608, -30.991723996751347], [-53.20606829135395, -30.99710628318547], [-53.203283842398505, -30.999305731991907], [-53.20079666653716, -30.99991961981136], [-53.195467733947645, -31.000009673379854], [-53.18274152214793, -30.997060772305336], [-53.17842700275406, -30.997705253830993], [-53.17048088191587, -31.000131390755897], [-53.16648309098478, -31.000053632255856], [-53.15945248784321, -30.998588631154824], [-53.14769181431293, -30.994043703596454], [-53.13830787065524, -30.99146873072579], [-53.1256160947273, -30.990093186358887], [-53.12305695274386, -30.988340055572753], [-53.12206460705617, -30.98766024036959], [-53.12174051689232, -30.987438219282943]], [[-53.70468215446093, -30.797353661365708], [-53.70465573140404, -30.7973759894885], [-53.69692713774443, -30.80390701040854], [-53.69484051918246, -30.806676485288165], [-53.69472938635548, -30.808688690056606], [-53.69249828342344, -30.812179290310404], [-53.68951105259805, -30.81238371847208], [-53.68150048926201, -30.811397636599363], [-53.67701815815269, -30.811632085259877], [-53.67638870758453, -30.81293654309383], [-53.67674711974035, -30.81393430095604], [-53.68167541604909, -30.817853789541644], [-53.681302153279496, -30.822454336305604], [-53.67919995480402, -30.824649906568904], [-53.672665527379216, -30.829086033669665], [-53.66632544310577, -30.834526055238868], [-53.66222814838446, -30.836587736642933], [-53.65730762345211, -30.83742495462101]], [[-52.09265760367401, -30.961195279053776], [-52.092399079435054, -30.962942487290277], [-52.09200153583552, -30.965629721267113], [-52.08819487506255, -30.97206308043769], [-52.08625321244128, -30.9772452802535], [-52.08790490012717, -30.980111993098614], [-52.086394387329754, -30.990248097888777], [-52.086385510540005, -30.994844704975034], [-52.08638299672172, -30.996123934668447], [-52.08638273735953, -30.996255911843164]], [[-52.08638273735953, -30.996255911843164], [-52.08622260691673, -30.996380809583382], [-52.08609731457023, -30.99647853316258], [-52.08315941844443, -30.998769818743526], [-52.07901276001386, -31.000980332565046], [-52.06971658664495, -31.0033515181152], [-52.04342137356155, -31.005856036952938], [-52.03577301399026, -31.007206077227025], [-52.027839993110035, -31.007847215586708], [-52.02700387395739, -31.007914735680924], [-52.026705182116615, -31.007938855786275]], [[-52.51315461960615, -30.92804591755481], [-52.512533197548315, -30.927833613526087], [-52.51201833635773, -30.92765771515933], [-52.50330510843646, -30.92468090279373], [-52.48980056997887, -30.923254343699018], [-52.484776683930114, -30.92130157631686], [-52.48274714343905, -30.919172736901785], [-52.480500490714284, -30.914400527866366], [-52.477551525982946, -30.911182694360154], [-52.47564160494545, -30.910429370278113], [-52.47452861159955, -30.90999035572654], [-52.474527728592086, -30.909990007729267], [-52.47395433777715, -30.90976381350566]], [[-53.43645460060874, -30.958182042680566], [-53.43623960888498, -30.95750031366252], [-53.436155504036876, -30.9572335826554], [-53.43608241343086, -30.95700178164922], [-53.435440131318245, -30.954964835594186], [-53.435554562372445, -30.95320423009627], [-53.43381121490749, -30.950078184780914], [-53.431480079608285, -30.949977058189024], [-53.42684173351761, -30.95106596444339], [-53.42454116176811, -30.95225596426583], [-53.41756390784418, -30.959847676765424], [-53.414914576089885, -30.961689960635674], [-53.414401671588344, -30.962046568933708]], [[-51.894868888474264, -31.032664418124284], [-51.88968047558594, -31.036015515211677], [-51.88663665345164, -31.03970833505531], [-51.88264271040346, -31.040166096003322], [-51.87526488879878, -31.03519171385925], [-51.873762115881696, -31.03477171269292], [-51.87293767465119, -31.035637809806488], [-51.87649713329621, -31.04250222717679], [-51.87618826047421, -31.045230035918145], [-51.869199328281205, -31.046423952599028], [-51.86637653474018, -31.047875640666525], [-51.87076383427331, -31.053587876520247], [-51.87077888071589, -31.05531005975798], [-51.867288239107495, -31.056622358039032], [-51.862950994629955, -31.056222289080633], [-51.85996764843335, -31.057963461110948], [-51.85775937050647, -31.07232567215], [-51.86010553913634, -31.073601815418577], [-51.86509111513439, -31.071990102366613], [-51.86625833148115, -31.072127303355742], [-51.86611721985962, -31.075283991056367], [-51.86280610961281, -31.077458442840918], [-51.86281392153047, -31.078461802145544], [-51.867860640337376, -31.08373734501427], [-51.86773117768931, -31.08790126900345], [-51.862760600223936, -31.091662381857375], [-51.85625616382101, -31.091130200529097], [-51.85477225914996, -31.09300513635027], [-51.8536544763786, -31.098895178181525], [-51.85051899194506, -31.102646873427886], [-51.84885222901457, -31.102656311432064], [-51.84734112522993, -31.101660762543542], [-51.84462164916011, -31.095653015345317], [-51.8396204749821, -31.095397408978435], [-51.83795719525708, -31.09626913611331], [-51.83580936531699, -31.098578564899018], [-51.835336626838846, -31.101594157602406], [-51.83302491860846, -31.10447799773947], [-51.8316932848739, -31.104485865535935], [-51.82851216405541, -31.103072480091686], [-51.824487661729925, -31.100226981773126], [-51.82350319541296, -31.10252861836935], [-51.82499105042676, -31.10937032510981], [-51.82103877031951, -31.106885296013967], [-51.81795653350784, -31.1061642351324], [-51.815919867817456, -31.112907015409625], [-51.80966022064623, -31.119515561684832], [-51.80960393256377, -31.119574987966068], [-51.8088126704044, -31.12041035391947]], [[-53.537884080944146, -30.94907219761859], [-53.53783936977766, -30.949095875810094], [-53.53566631268804, -30.950246707117927], [-53.53561459149548, -30.950274102339492], [-53.53426796948198, -30.950987242107523], [-53.52477292304687, -30.95153891953429], [-53.52240395418007, -30.950148407581178], [-53.51807833780664, -30.937170624191353], [-53.516022171652146, -30.93491231006528], [-53.512004965334896, -30.934128362848757], [-53.51068890093693, -30.93472559636817], [-53.50813717121779, -30.93908012282783], [-53.50616883358656, -30.94026624042749], [-53.50450165017008, -30.94029678956645], [-53.49810432336553, -30.937403447579648], [-53.49576597334931, -30.937161276852862], [-53.49383541801056, -30.939780169000763], [-53.494606000036825, -30.944071267228633], [-53.4963188399299, -30.94590460511433], [-53.496379951339215, -30.948344055758216], [-53.4954265888676, -30.95008348729297], [-53.49119605553222, -30.954037414428825], [-53.487236017866046, -30.955548006703406], [-53.48152538155975, -30.95350132120452], [-53.478866510351686, -30.953837421333578], [-53.47600208892308, -30.95905970196286], [-53.47256098100955, -30.961274160165935], [-53.471062006638896, -30.961302459687353], [-53.467018135163066, -30.959513593387314], [-53.4659119700198, -30.955227490390644], [-53.467784755976574, -30.95016909357791], [-53.467731470040974, -30.948018037238345], [-53.46179587200827, -30.94367861684187], [-53.45793911322951, -30.942600840680992], [-53.45243464368631, -30.942273067431774], [-53.452148550084594, -30.944144206687795], [-53.45605465206054, -30.947228086036024], [-53.457290799943586, -30.95007808987441], [-53.455341301929515, -30.951977545248273], [-53.45019910730655, -30.95279201902609], [-53.44724244258349, -30.95442474677147], [-53.445701322686034, -30.959475331368132], [-53.44440464564663, -30.960934808834626], [-53.442428561517474, -30.96183091612352], [-53.43925466453517, -30.9614592833009], [-53.4367368298297, -30.95908096770877], [-53.43645460060874, -30.958182042680566]], [[-53.33069908468251, -30.990546375873794], [-53.330353256620015, -30.99057464317219], [-53.328456235305886, -30.990729701294313], [-53.320750640377085, -30.985683082477372], [-53.315410111703635, -30.985345283602022], [-53.31013781988595, -30.987733121718236], [-53.30555999749939, -30.991544229989], [-53.29884275287556, -30.999494579006203], [-53.298703186800246, -30.999659765712984], [-53.29862893376021, -30.99974764908901]], [[-53.60120807303152, -30.892315248254786], [-53.601201361031066, -30.892323781289388], [-53.59997514795202, -30.893882681604737], [-53.59921700290241, -30.894846349509255], [-53.585095226503256, -30.895839791361922], [-53.582024126325855, -30.89934366871277], [-53.58211581685249, -30.902786471415087], [-53.58331746241038, -30.904199809673532], [-53.59120255623276, -30.906628046651534], [-53.59257201583366, -30.90803750828783], [-53.59334644816278, -30.912185854307477], [-53.59273204122811, -30.914205863920884], [-53.59296366819598, -30.915322913379363], [-53.593064267222374, -30.915808063578435]], [[-52.53117151786983, -30.92836418490945], [-52.53016277776805, -30.92845305466586], [-52.5288753439803, -30.928566504460036], [-52.52003398849047, -30.929345282382148], [-52.517591805712854, -30.929560317475385], [-52.517591287709735, -30.929560363477275]], [[-53.29862893376021, -30.99974764908901], [-53.29812892848553, -31.00033842061989], [-53.29613776039127, -31.002690957698615], [-53.2946733783394, -31.003356480845078], [-53.27703382822752, -31.0042337853896], [-53.272593866318324, -31.00674988761928], [-53.2679626565444, -31.008121055185054], [-53.261030958492235, -31.00794939132266], [-53.25982929163558, -31.007301481943287], [-53.258883715092594, -31.00679165079211]], [[-53.65730762345211, -30.83742495462101], [-53.6571096211713, -30.837418529337576], [-53.654944209162956, -30.837348262174228], [-53.650257589842155, -30.83719611613419], [-53.64630982811092, -30.839269483005804], [-53.64408713599683, -30.84108447826592], [-53.643665910027636, -30.841428455210323], [-53.64350202465055, -30.84156228596689]], [[-52.567506746420214, -30.938297418332912], [-52.567188645394, -30.938509732753168], [-52.5592022196253, -30.943840213411228], [-52.55587550897941, -30.944023586668045], [-52.551816599686994, -30.939909137087643], [-52.55009273547618, -30.936197449578692], [-52.55005043495082, -30.933471897251156], [-52.55298773835933, -30.929849716013884], [-52.55660431561591, -30.926937448229722], [-52.55692100407652, -30.92578744861672], [-52.55571541548192, -30.92336132487143], [-52.55154987035577, -30.923122428610863], [-52.53590534149861, -30.927946363279826], [-52.531192915999256, -30.92836229582972], [-52.53117151786983, -30.92836418490945]], [[-53.803906519947496, -30.7617048858664], [-53.80293581941102, -30.76222766502646], [-53.80152656427649, -30.762986618066087], [-53.79882152182224, -30.773089946760546], [-53.792996496150394, -30.784696080612775], [-53.78979264577151, -30.788926681268524], [-53.78605769317497, -30.792163345708204], [-53.780808818685905, -30.79471340288633], [-53.771558143615216, -30.796773454133973], [-53.766549242092, -30.796159567740965], [-53.76350140966438, -30.794070625449404], [-53.75560854027542, -30.779449013205273], [-53.75201515703742, -30.77564955188852], [-53.749329582185304, -30.774842931758766], [-53.73949504896861, -30.773755702425294], [-53.73023335633766, -30.775523541345816], [-53.723866078298485, -30.779817471657037], [-53.71804887410205, -30.785821411967948], [-53.71376884762142, -30.787345813400343], [-53.709092221315736, -30.791047510840393], [-53.707098467667834, -30.792049048303646], [-53.70693593604433, -30.792130693993546], [-53.706486643320815, -30.792356393900754]], [[-52.46672923475614, -30.913645529563535], [-52.466612981114416, -30.91366865501257], [-52.46621341890877, -30.91374813755596], [-52.465763669426046, -30.91383760329324], [-52.463864221940675, -30.914215514630285], [-52.46324695671223, -30.91416911279645], [-52.45886698570738, -30.913839984166867], [-52.456021457828406, -30.9127222129859], [-52.44995575475757, -30.907623926275104], [-52.44198681579142, -30.89766559012695], [-52.438965674310495, -30.895832766641778], [-52.43563174746061, -30.89558114132829], [-52.43181675907776, -30.89648339324119], [-52.42623572862345, -30.90014981009594], [-52.426172996415985, -30.900191021375317], [-52.426069849074864, -30.90025877883468], [-52.42566782774524, -30.900522862625063]], [[-53.593064267222374, -30.915808063578435], [-53.59296474308674, -30.915908283060123], [-53.59290782900914, -30.915965595335578], [-53.58742984455503, -30.921484246853204], [-53.583313710695734, -30.92314366087003], [-53.57915197577322, -30.923225910208878], [-53.57252917804414, -30.918186507561778], [-53.57202190866408, -30.911451514525734], [-53.570789671265246, -30.908892003034982], [-53.56694856850396, -30.908392617509115], [-53.564304621557085, -30.90916093808835], [-53.55748326854055, -30.914472330290536], [-53.55720532184699, -30.91468873956191], [-53.55693125216313, -30.91490212981559]], [[-52.026705182116615, -31.007938855786275], [-52.02597276416828, -31.00790827537821], [-52.02072792872928, -31.00768893093721], [-52.0130789843407, -31.00350781489226], [-52.011553409890965, -31.00093671897037], [-52.011148913217994, -30.99390834411617], [-52.009634473405185, -30.99248559767042], [-52.00729605899514, -30.991642293951035], [-52.00296606815129, -30.991961137923667], [-51.99632876829149, -30.994163989679873], [-51.98754712862515, -30.999107896772593], [-51.98496492436738, -31.007305724916918], [-51.98232874975697, -31.010338492405715], [-51.97619105782925, -31.012680738556824], [-51.969542078075484, -31.01430739959576], [-51.96704322676038, -31.014324717593805], [-51.960523740393675, -31.01193302583377], [-51.953253114787564, -31.01815472920258], [-51.94846918455492, -31.023354178284666], [-51.947744706512296, -31.023708189356523], [-51.94741110011117, -31.02387120377105], [-51.94697753929028, -31.024083062609414]], [[-53.01743788694713, -30.919451273078604], [-53.017396230739315, -30.91946335724485], [-53.01726136206688, -30.919502551783243], [-53.0169994347609, -30.919578670828805], [-53.01490364831081, -30.92018773019495], [-53.01421452187448, -30.920387996945845], [-53.00972450588016, -30.9268862872581], [-53.007267806135566, -30.92893084170221], [-53.003277780559316, -30.92913470845598], [-53.00264826699951, -30.922688056810465], [-53.001438871812425, -30.920553538576957], [-52.9986005137192, -30.92016472341163], [-52.99462213502269, -30.920943080826124], [-52.98509264079215, -30.927256493231706], [-52.98012990134326, -30.928764830123292], [-52.97114650108008, -30.929041456104134], [-52.966781989282445, -30.927240948738525], [-52.955761376255516, -30.925537676665936], [-52.944107414904614, -30.925421596846203], [-52.936790706570775, -30.925959388080454], [-52.925121698577215, -30.92512388141339], [-52.92050558678434, -30.927344408923187], [-52.91284228307786, -30.935635604018493], [-52.91135842015481, -30.93637395632094], [-52.90802004883513, -30.93599009496644], [-52.9054794244829, -30.933732227391666], [-52.903557177129606, -30.929022821528864], [-52.90410272175678, -30.922700054701817], [-52.90305709490291, -30.920418938663932], [-52.902053795426816, -30.9200028317879], [-52.89805986074992, -30.920203426529774], [-52.890468685918016, -30.92346843813202], [-52.88412474739154, -30.922697905192134], [-52.874397498934435, -30.918816835650194], [-52.863140884429605, -30.916942342141198], [-52.862380744925204, -30.91681576073998]]]}}, {"id": "1", "type": "Feature", "properties": {"IDRIO": 51324, "CORIO": "7982_0", "NORIOCOMP": "Rio Piratini", "NUDISTBACR": 43.57522, "NUCOMPRIO": 128.966962, "DSVERSAO": "BHO 2013 versao 1.3 de 22/07/2014", "rio": "Piratini", "serie": "Qpiratini", "vazao": {"2026-07-04": 46.892, "2026-07-05": 41.441, "2026-07-06": 40.404, "2026-07-07": 38.404, "2026-07-08": 36.819, "2026-07-09": 35.894, "2026-07-10": 35.28}}, "geometry": {"type": "MultiLineString", "coordinates": [[[-52.81819960858064, -31.853369245225476], [-52.80610331523681, -31.85362097452802], [-52.79957221307666, -31.854854902216584], [-52.77914271513006, -31.861300409469976], [-52.77785243281512, -31.861707439728036], [-52.77774043426694, -31.861742771184446]], [[-53.13438439686079, -31.42583923635691], [-53.13251499818291, -31.42709983170709], [-53.13262611185281, -31.43007704971005], [-53.13168721602983, -31.43310427264793], [-53.125606664682806, -31.43822372497741], [-53.122540020173666, -31.44343654927947], [-53.11975114741613, -31.45381269746463], [-53.118449534734054, -31.4567326716161], [-53.118098866436576, -31.457519372812147], [-53.11800055691388, -31.4577399244278]], [[-52.9436529145538, -31.591151842857972], [-52.94365106055369, -31.591154192867567], [-52.940292389348194, -31.595410724165795], [-52.93692405524432, -31.603063512380775], [-52.93080126512424, -31.607310768900923], [-52.929008525989204, -31.609775200353745], [-52.93199136368676, -31.62508192377489], [-52.9362603101428, -31.637500247101304], [-52.935997028624556, -31.64109187016249], [-52.934879268998564, -31.643975774584394], [-52.92845923245965, -31.65009469333622], [-52.92197808153205, -31.653056976726873], [-52.91800697992386, -31.655838083608444], [-52.91375370259932, -31.661207019478542], [-52.91012583637492, -31.66441532757425], [-52.90386193518767, -31.666854797568497]], [[-53.11800055691388, -31.4577399244278], [-53.117822277027265, -31.45779152014574], [-53.11693742662616, -31.45804750370902], [-53.11483780418252, -31.458654917164072], [-53.11222497302177, -31.461962735605596], [-53.11080556050693, -31.465861064310964], [-53.09939614451301, -31.480244429933652], [-53.08986339585114, -31.4964628637094], [-53.083301780983426, -31.51062508813894], [-53.07492502676394, -31.518502348113522], [-53.069870635446755, -31.52489405510193], [-53.068939495613265, -31.528495191650926], [-53.07051515455984, -31.53162684038567], [-53.07577958315329, -31.53513235988785], [-53.07593099774431, -31.539415322197957], [-53.075947412193635, -31.53987963166503]], [[-52.603679098184905, -31.925321215325596], [-52.60367164019494, -31.925332706366337], [-52.60329364770216, -31.925915138431172], [-52.601252989441775, -31.929059586578337], [-52.596793496331415, -31.931609590048357], [-52.57792229789408, -31.931403506985706], [-52.576186312443944, -31.931384457418286], [-52.57564839889591, -31.931378554411413]], [[-52.57564839889591, -31.931378554411413], [-52.573473965117834, -31.933421365811906], [-52.570216146006345, -31.939914131284706], [-52.5670461115229, -31.941528104901263], [-52.56166779338764, -31.9417336171323], [-52.55152825677805, -31.938552522218895], [-52.54766769868382, -31.93917260727355], [-52.54537491260738, -31.94307091122321], [-52.5428915256952, -31.945680430417852], [-52.53755879876582, -31.94860983256859], [-52.53487709630329, -31.94921489222507], [-52.53217204608156, -31.948528195501023], [-52.526732588981865, -31.94471708238796], [-52.524710334394236, -31.94445377560442], [-52.520049211271065, -31.947662127576752], [-52.51603975904024, -31.949428224487136], [-52.50226856120973, -31.950872179308476], [-52.49864469987012, -31.955646083210905], [-52.49885469516481, -31.95836831152899], [-52.503237550037056, -31.959180544162983], [-52.50561421507584, -31.96044500976678], [-52.50786085919562, -31.964433313948266], [-52.50746035219617, -31.965728290908608], [-52.507059768208094, -31.96702554487164], [-52.50489704022555, -31.968626074730746], [-52.49787421481578, -31.97128667986407], [-52.49605089177419, -31.973027776621482], [-52.49410140032931, -31.977782791271824], [-52.49370478711966, -31.981571131048483], [-52.49330810891029, -31.985358938823], [-52.49276257088916, -31.988982846963616], [-52.489592541566616, -31.991025630071753], [-52.48538089225775, -31.99049952413961], [-52.47996803224714, -31.98883620238183], [-52.47660357337967, -31.988874587936888]], [[-52.65307201182105, -31.8928482239278], [-52.6530084944774, -31.89286209817962], [-52.652855641650305, -31.89289546378567], [-52.64608307099924, -31.89437382063674], [-52.64000636027344, -31.897103282316824], [-52.63779809276163, -31.900412724272492], [-52.63308304811313, -31.902592771269564], [-52.62679251224994, -31.905179482584604], [-52.623393539270765, -31.905026645047585], [-52.61851466036251, -31.911086200048175], [-52.61299080467926, -31.912730617447206], [-52.603587357747124, -31.91341735618339], [-52.60124511925042, -31.914162917735492], [-52.6001123768424, -31.91690179905098], [-52.603535750518446, -31.924982882475696], [-52.603679098184905, -31.925321215325596]], [[-52.899982697851435, -31.714509882992196], [-52.90006298505954, -31.715826499182768], [-52.90024604849506, -31.718828223895994], [-52.895778810106854, -31.72916989416343], [-52.891052779279356, -31.736408276884028], [-52.88884005057261, -31.74361221622938], [-52.8875277934588, -31.74506551174248], [-52.88404111031643, -31.747121700012325], [-52.87486664608751, -31.750120021471844], [-52.87004881632439, -31.752769530356403], [-52.86724881896419, -31.75567834703894], [-52.86338830199003, -31.76433788514746], [-52.863682280190076, -31.771074552647566], [-52.86695887458895, -31.775619556588946], [-52.87942239950113, -31.78250402300041], [-52.879783379858324, -31.78270341788233], [-52.8799251351767, -31.782781718443218]], [[-53.075947412193635, -31.53987963166503], [-53.07526061540305, -31.540401216800834], [-53.07285353212884, -31.542229628791812], [-53.07145744471903, -31.544524064569302], [-53.06914961144476, -31.54642401927433], [-53.06579237890988, -31.546046291275857], [-53.06219511046012, -31.542227971250867], [-53.05948284923584, -31.540692457543706], [-53.05526395495757, -31.547211929582566], [-53.05081227627346, -31.550580275897058], [-53.04830561476414, -31.550906366548627], [-53.04460953432182, -31.550387534641427], [-53.039700018745755, -31.54802420612338], [-53.03583942398235, -31.54765253398943], [-53.03235273001188, -31.549140325590773], [-53.02909496470559, -31.553637550775836], [-53.02646272151896, -31.555972576180874], [-53.01496935048034, -31.5591598353583], [-52.991569786292985, -31.56209107530644], [-52.98869136978687, -31.5628979138801], [-52.98775862208586, -31.56315936863048]], [[-52.8799251351767, -31.782781718443218], [-52.880311727878926, -31.783408726710114], [-52.882976891192676, -31.78773120565273], [-52.88444969501045, -31.794452808714578], [-52.88422471181978, -31.800192328983762], [-52.880417497025604, -31.803113956419804], [-52.868469632053454, -31.801847867443144], [-52.85974566625221, -31.80239904250738], [-52.85540451670031, -31.803894063330183], [-52.85002177456258, -31.812286833770305], [-52.84668012259518, -31.82222964435329], [-52.84513129779, -31.829136390856494], [-52.84287679066241, -31.83432963906273], [-52.83679241173392, -31.84129914850982], [-52.825367333715946, -31.850345856161226], [-52.81935748961075, -31.85288083436882], [-52.818446306652305, -31.853265175190735], [-52.81819960858064, -31.853369245225476]], [[-52.98775862208586, -31.56315936863048], [-52.987498795991094, -31.563274747723856], [-52.98242580660983, -31.56552663807005], [-52.97630691511926, -31.56949165124544], [-52.964996348205645, -31.581994512393738], [-52.959888584051505, -31.58651674146628], [-52.95491023485359, -31.588885687600325], [-52.94695085051465, -31.59048801989256], [-52.94368729074106, -31.591144923722844], [-52.9436529145538, -31.591151842857972]], [[-52.892463728782495, -31.706365479680077], [-52.8979144150745, -31.712269663135334], [-52.89936149240955, -31.713837036537118], [-52.899982697851435, -31.714509882992196]], [[-53.21475634916188, -31.37694394351893], [-53.20792465625932, -31.3779183888594], [-53.200516313286094, -31.383205648270422], [-53.1959157227422, -31.385389527759628], [-53.19334850022665, -31.385578425455005], [-53.19067402301855, -31.384371197945416], [-53.18913677608958, -31.382961750004334], [-53.18628347814813, -31.38243512793353], [-53.181969002741646, -31.384083474751876], [-53.17838733165526, -31.388447393981394], [-53.174709550511814, -31.39611133635047], [-53.1665462074333, -31.40513858584406], [-53.160702321745944, -31.413269681744687], [-53.15368672862688, -31.421418046992404], [-53.14564952569951, -31.428720875046476], [-53.14215896459959, -31.429779788154466], [-53.13854609261527, -31.425245945305175], [-53.13736779570395, -31.42497871935095], [-53.13591585248037, -31.42539752219394], [-53.13506785626137, -31.425642120606504], [-53.13438439686079, -31.42583923635691]], [[-52.77774043426694, -31.861742771184446], [-52.77437603762397, -31.863552762735406]], [[-52.90386193518767, -31.666854797568497], [-52.90385696917905, -31.666859429592197], [-52.903837152143886, -31.666877808686543], [-52.90370033690081, -31.667004629337914], [-52.897960825703436, -31.672324852664172], [-52.89521407516482, -31.67395207969732], [-52.890216895881125, -31.67574320826017], [-52.89011027820164, -31.678901534246325], [-52.89622141797859, -31.68268763688791], [-52.89580922162238, -31.687284299635], [-52.891815407436695, -31.697668241229007], [-52.891544258172644, -31.70111493314243], [-52.89232980503205, -31.705600673310716], [-52.89239910349011, -31.705996418501833], [-52.892463728782495, -31.706365479680077]], [[-52.77437603762397, -31.863552762735406], [-52.77419748666444, -31.863592345444218], [-52.77386490487718, -31.863666073764552], [-52.773672749844486, -31.863708671527387], [-52.75945701943148, -31.86686008096061], [-52.750709687423175, -31.86625948882788], [-52.74261468118986, -31.864785109279875], [-52.72447568045873, -31.865450696489347], [-52.71100614253351, -31.864045199985352], [-52.70563495161512, -31.864256888192624], [-52.697257752614775, -31.86594082823706], [-52.67552539053615, -31.872525339465263], [-52.67219485354172, -31.874430913001145], [-52.667587035066866, -31.880225412686396], [-52.66370707113554, -31.88930819638431], [-52.660056523462394, -31.89207762608843], [-52.65671093598065, -31.893124834711532], [-52.65307201182105, -31.8928482239278]], [[-52.47660357337967, -31.988874587936888], [-52.47624896949855, -31.988961407354154], [-52.472918583830534, -31.989776798664842], [-52.46489574400249, -31.993448498670546], [-52.459517391214774, -31.993936328223892], [-52.45297512099224, -31.995441311260844], [-52.45186850196283, -31.999002422425725], [-52.45020954907674, -31.999979096705072], [-52.44909175680595, -32.00116357420843], [-52.44419347895642, -32.007080244150536], [-52.44118401795016, -32.00898364950609], [-52.43865841975416, -32.00944914442762], [-52.43060953135638, -32.012855853233674], [-52.42284487410223, -32.01260924182607], [-52.42207555392444, -32.01258480765882]]]}}, {"id": "2", "type": "Feature", "properties": {"IDRIO": 49510, "CORIO": "7984_0", "NORIOCOMP": "Rio Jaguarão", "NUDISTBACR": 163.44426, "NUCOMPRIO": 234.666927, "DSVERSAO": "BHO 2013 versao 1.3 de 22/07/2014", "rio": "Jaguarao", "serie": "Qjaguarao", "vazao": {"2026-07-04": 58.411, "2026-07-05": 55.947, "2026-07-06": 56.887, "2026-07-07": 56.606, "2026-07-08": 54.179, "2026-07-09": 52.37, "2026-07-10": 51.218}}, "geometry": {"type": "MultiLineString", "coordinates": [[[-53.86962257705664, -31.90057565816448], [-53.86715165524449, -31.903055001991994], [-53.866131038136146, -31.904666827466798], [-53.86582140571114, -31.906118449092986], [-53.86568870013435, -31.908671718154334], [-53.86601418049381, -31.911422144679868], [-53.865862512696104, -31.91434021917641], [-53.86522418262886, -31.917608303862643], [-53.86469959890843, -31.918687791927237], [-53.8642950133675, -31.921963267735514], [-53.864133844465755, -31.925063801446843], [-53.86444354245941, -31.92699178620346], [-53.86368659802996, -31.93033324540729], [-53.86333650986824, -31.93476657516165], [-53.86313727953142, -31.938596780740536], [-53.86317040000783, -31.94133814635167], [-53.86340746496312, -31.94353793864962], [-53.863665843918774, -31.94532731745679], [-53.86356624625534, -31.94724244674369], [-53.86203460711114, -31.949660403951686], [-53.85831936157882, -31.953516450858398], [-53.855312753953775, -31.957257925968698], [-53.85417183892036, -31.962291698303186], [-53.85309501588503, -31.966094258166937], [-53.85301660922729, -31.967599116961935], [-53.85269588726879, -31.973755155301788], [-53.851882784821804, -31.978114360715814], [-53.851028749490915, -31.981010560829212], [-53.85008142617176, -31.983447103838603], [-53.84900753198079, -31.986062364504583], [-53.84790509046357, -31.98922482582169], [-53.84741618209261, -31.99185868128882]], [[-53.4563105770932, -32.52815311048228], [-53.455557366601916, -32.52916075832928], [-53.4495660636453, -32.53717481492845], [-53.4404644192887, -32.55394040380516], [-53.43806900084168, -32.562565409220625], [-53.43279670879063, -32.566876004521326], [-53.42704830731959, -32.5640037487771], [-53.422028312191145, -32.56593546383798], [-53.421363504260334, -32.56619128462712], [-53.42084113695743, -32.56639229381866], [-53.420822725876135, -32.56639936389592]], [[-53.709602648594846, -32.19485402751573], [-53.70983161954294, -32.195326314107206], [-53.7101854956449, -32.19605623447563], [-53.71242159920281, -32.200667919481305], [-53.71114767884613, -32.203288503889084], [-53.706493781019034, -32.206126218366826], [-53.70397212422557, -32.206759591578674], [-53.69980141032371, -32.206716441401674], [-53.69956981482996, -32.2067140782803]], [[-53.594979282425605, -32.43687079980652], [-53.5947494391597, -32.437286864083276], [-53.588299839755585, -32.448959184904766], [-53.58508759849862, -32.45260642767357], [-53.56762374076644, -32.46399703834191], [-53.564221488971874, -32.46777376196304]], [[-53.2100139826708, -32.640180229394154], [-53.209751586777465, -32.64033223154476], [-53.20951396796854, -32.640469880586764], [-53.20857461577053, -32.64101403270587], [-53.201183616601064, -32.64529501811582], [-53.201000577977666, -32.64540103691846], [-53.2009117206753, -32.64545256530819]], [[-53.477833246708514, -32.48303297984911], [-53.47764141687509, -32.48367283519817], [-53.47496047516311, -32.492615212048655], [-53.46873100364178, -32.50363580245559], [-53.463463287464975, -32.51129969695748], [-53.45962937256794, -32.51896754597887]], [[-53.68283100211428, -32.241538602986445], [-53.68285061543916, -32.24157642494868], [-53.68309380646722, -32.24204537948021], [-53.68325825919117, -32.242362499163335], [-53.683330101783945, -32.24295692946933], [-53.68352549356139, -32.24457471030237], [-53.68032884037693, -32.25278421247071], [-53.67808554613667, -32.26247755644721], [-53.66712610708284, -32.27539042074714], [-53.661348230142956, -32.2803304155594], [-53.66048103050065, -32.281071843583725], [-53.65986275032977, -32.28160045345294]], [[-53.290981064061754, -32.62197601910852], [-53.28984338265755, -32.62159682209637], [-53.28379430965276, -32.61958047829705], [-53.27613037533902, -32.61047885582973], [-53.267505314358175, -32.60616446464021], [-53.25361187388244, -32.60760285014873], [-53.24882080781736, -32.61622785681683], [-53.25025913839097, -32.622453401339385], [-53.24786359899194, -32.6277250615966], [-53.2401958017969, -32.63251623055374], [-53.22726015415038, -32.635392944808224], [-53.215281748239406, -32.63874579086109], [-53.21035559539386, -32.640087205997766], [-53.2100139826708, -32.640180229394154]], [[-53.69956981482996, -32.2067140782803], [-53.69951449607456, -32.20682780660201], [-53.69942956845018, -32.20700240909579], [-53.69765877328215, -32.21064296239241], [-53.682014863129346, -32.23057526139365]], [[-53.79243876210401, -31.347743951479597], [-53.78872714693546, -31.352558409518434], [-53.786217176298656, -31.358349007150256], [-53.78617103475754, -31.36265564300368], [-53.788006094166924, -31.368356787371383], [-53.788910580857014, -31.376661242018404], [-53.78723557444983, -31.38243514851178], [-53.78204403920973, -31.39402401638958], [-53.78241400581752, -31.40119181477052], [-53.7818112664075, -31.403642924666027], [-53.780194044785475, -31.40554237774192], [-53.779102909516396, -31.4084340849318], [-53.77975122371329, -31.413587944087737], [-53.777615183750356, -31.42080685484022], [-53.77214128619941, -31.428526334564026], [-53.77154241582426, -31.430976886439275], [-53.771675761651544, -31.435709136046224], [-53.779633093495626, -31.444871904259166], [-53.79184047745944, -31.456239586959608], [-53.79727661986393, -31.458995746640934], [-53.80806450257176, -31.461639614230783], [-53.81618230437656, -31.464481233982827], [-53.81975677954612, -31.466558422864768], [-53.82063014054629, -31.467832835967315], [-53.82088570616962, -31.470983408379176], [-53.817159063037764, -31.481107861098465], [-53.81417970635229, -31.499822936172112], [-53.81430196323084, -31.50986516840069], [-53.81542699914266, -31.514145154746487], [-53.81634260268789, -31.52273574544756], [-53.819142694292125, -31.532720737568923], [-53.819226643445525, -31.535589583294346], [-53.817926063914825, -31.542789612781164], [-53.81967664771544, -31.545479015079476], [-53.82566227293533, -31.549657960107478], [-53.826878900560736, -31.55121071419632], [-53.827798408921346, -31.554060168765062], [-53.82779842621036, -31.559799573821994], [-53.832231359067926, -31.574054624250127], [-53.83230015495597, -31.576492396557853], [-53.83151799262043, -31.578375144467195], [-53.8277874633842, -31.58275793304597], [-53.82573468459583, -31.58710521030447], [-53.82552523130083, -31.591415719619484], [-53.826654161334126, -31.59569576788673], [-53.831189756856816, -31.601911836417912], [-53.83236097650984, -31.607626323019417], [-53.83858323029331, -31.613950724320677], [-53.83963991442001, -31.615793527287316], [-53.84107384463656, -31.624803521328268], [-53.849927841424716, -31.635090155853785], [-53.85439513407896, -31.638866801028406], [-53.866205811699174, -31.65267571605928], [-53.86974586385618, -31.659055655386744], [-53.87335096248442, -31.667587350686475], [-53.874903268989, -31.674728485243303], [-53.878382159235805, -31.68469618946948], [-53.87964110833137, -31.693279519591783], [-53.87989282616397, -31.70188181450797], [-53.88274676197693, -31.71329679051831], [-53.88669133884821, -31.721820684433663], [-53.88932684593803, -31.725780650579456], [-53.8902580179996, -31.728918435291828], [-53.89023864331435, -31.73967729738201], [-53.89301200211506, -31.742631783963933], [-53.89883314930847, -31.746377870875484], [-53.89971486120218, -31.747795067002766], [-53.900569350341286, -31.753946246063105], [-53.90253764404619, -31.758062283846993], [-53.90392216007301, -31.759468408064794], [-53.90994551759757, -31.758764489656755], [-53.91001776122153, -31.758796728417447], [-53.91292374331187, -31.760091784788166], [-53.91352098146826, -31.76035791380892], [-53.913809979963375, -31.760486690851156]], [[-53.65134517287728, -32.324584393585425], [-53.65108647345098, -32.324817358797226], [-53.64728240718018, -32.328242771616765], [-53.645710775770596, -32.33460606076035], [-53.64624851748758, -32.3356016166707], [-53.64585189004154, -32.33920994566779], [-53.6440779918804, -32.34227332339211], [-53.641226050623565, -32.34568006956066], [-53.6410040816036, -32.345945218663374], [-53.64097685160143, -32.34597779979869]], [[-53.65986275032977, -32.28160045345294], [-53.659799927788335, -32.281952998034846], [-53.65975385885795, -32.28221152546165], [-53.658703345242515, -32.288104858189286], [-53.656448905819744, -32.291896552461246], [-53.650353409349805, -32.29617466884235], [-53.650307201224976, -32.296207100049884]], [[-53.64097685160143, -32.34597779979869], [-53.6408821285932, -32.34609099626934], [-53.64034626754639, -32.346731364931735], [-53.6376957793156, -32.34989885110078], [-53.636597462644815, -32.352802230092145], [-53.63698246845935, -32.35437778314218], [-53.64534090673322, -32.36959830888865], [-53.6466148203452, -32.37835665043598], [-53.64608879780807, -32.384170509022795], [-53.642071543607635, -32.3876722317259], [-53.624970361940015, -32.39466451575675], [-53.621639819629074, -32.39675124748136], [-53.619977013266805, -32.39794120497501]], [[-53.83486212573597, -32.056082330396826], [-53.834830345705356, -32.05611514054972], [-53.834484020371455, -32.05647268621616], [-53.83379764670972, -32.05718129751886], [-53.83226829523466, -32.05876008387767], [-53.82919323992194, -32.06033954510316], [-53.82188045082376, -32.06195738044853], [-53.81409096726651, -32.06674466072703], [-53.81114982946297, -32.069979597077136], [-53.808300428684305, -32.07062407852606], [-53.8038903328519, -32.070292438935006], [-53.8008692589963, -32.070940792038705], [-53.79546365421088, -32.07106691167509], [-53.79318255594774, -32.07150139675939], [-53.790088552883645, -32.072199733188555], [-53.77681744136378, -32.07450749682021], [-53.77520535605433, -32.075265906685914], [-53.775146318823296, -32.07529368193741]], [[-53.2009117206753, -32.64545256530819], [-53.18949059323134, -32.65514921137807], [-53.180571672943294, -32.66258037568653], [-53.16937946797465, -32.67190375552464], [-53.1516982486864, -32.68663606142668], [-53.14078832826305, -32.69572277596315], [-53.132983269232234, -32.702226701122186], [-53.12581546246989, -32.70819289232371], [-53.115271544090554, -32.71460567187837], [-53.1089009953171, -32.718481277008465], [-53.09764368356759, -32.72532466371403], [-53.08619541583434, -32.736699831540506], [-53.085613173135776, -32.737278356328964], [-53.085227040672024, -32.73766193517812]], [[-53.913809979963375, -31.760486690851156], [-53.913788599499576, -31.760616824064194], [-53.9136465530633, -31.761481624479572], [-53.91356124020372, -31.76200102632964], [-53.91257059006306, -31.768032278198188], [-53.91452587528853, -31.77187455173553], [-53.91522772325804, -31.776235662520552], [-53.915174668822836, -31.780862406417697], [-53.912553815465984, -31.784974666471214], [-53.907608270468536, -31.791038870269457], [-53.9060747644266, -31.795619243696624], [-53.90474852149239, -31.799772203907416], [-53.904939694686526, -31.803249744709518], [-53.907702688286506, -31.805200348263018], [-53.91261880587382, -31.80605705458534], [-53.919556851396514, -31.807324793692608], [-53.92354537125985, -31.812657146029512], [-53.92178248225311, -31.818098530174407], [-53.915918208589446, -31.82398996625177], [-53.9103415180351, -31.831481560858], [-53.90974672738106, -31.839418940103105], [-53.911368864192085, -31.846274622879584], [-53.91246335007599, -31.84935070884027], [-53.91445457419512, -31.853689473680475], [-53.91445461619587, -31.853689565680405], [-53.914884826784196, -31.854626969997106]], [[-53.93146166571235, -31.95556683489246], [-53.93130904398008, -31.95561213151554], [-53.93122208683392, -31.955689922921913], [-53.92666627817282, -31.959765522214784], [-53.91609005680662, -31.967198866642704], [-53.909189080221616, -31.973569722094712], [-53.90366131935956, -31.979558126965163], [-53.897055485494135, -31.984750056135343], [-53.892901598167505, -31.99415040916927], [-53.88551023082084, -31.9965670685783], [-53.87497488661203, -31.99632630627815], [-53.86587146243846, -31.99684207629381], [-53.86114926369565, -31.996512187864404], [-53.85298583097991, -31.993673807986728], [-53.847416280093384, -31.99185871328849], [-53.84741618209261, -31.99185868128882]], [[-53.38140536369661, -32.57870563952979], [-53.37674359689291, -32.575024550832815], [-53.36955630928512, -32.578377899550794], [-53.36141250038482, -32.58939460328961], [-53.35231021604158, -32.59418578471964], [-53.343204617216514, -32.59514749748466], [-53.338602453412264, -32.59514752009274], [-53.336498446785384, -32.595147531142366]], [[-53.775146318823296, -32.07529368193741], [-53.77499939924853, -32.07536285756315], [-53.77471204512443, -32.075498155787116], [-53.774520556375286, -32.07558830660274], [-53.77209272387646, -32.076731308943636], [-53.77201104155686, -32.07676976829154], [-53.77160628197325, -32.07696034301557]], [[-53.914884826784196, -31.854626969997106], [-53.91793191309411, -31.860409727291554], [-53.922196989190915, -31.866203111984877], [-53.92451907598834, -31.870842332856196], [-53.927315571910526, -31.87319137163695], [-53.92984191538171, -31.874434880330746], [-53.93116378671037, -31.875195512094148], [-53.93199942604979, -31.876359249098517], [-53.93234937116648, -31.87865068206601], [-53.93233385560711, -31.88607090553711], [-53.93201114567315, -31.895907705572455], [-53.932725864448656, -31.906918820838634], [-53.936656835478004, -31.91232217233802], [-53.947633270932, -31.9159473133909], [-53.95434986119843, -31.924148833093387], [-53.95396299207029, -31.931700939037412], [-53.94957038342054, -31.93884281074356], [-53.946960925244696, -31.94332858306613], [-53.94076918992554, -31.949843446966963], [-53.93188182703132, -31.955308469044947], [-53.93146166571235, -31.95556683489246]], [[-53.45962937256794, -32.51896754597887], [-53.459504279605255, -32.519313792789504], [-53.459437304160616, -32.51949917722353], [-53.45923619082842, -32.52005584452677], [-53.45643765603897, -32.52780139165902], [-53.4563105770932, -32.52815311048228]], [[-53.73023614093947, -32.09623995704527], [-53.73029550474816, -32.09632203690131], [-53.73051227970122, -32.09662176437576], [-53.73159392143606, -32.09811722275278], [-53.73781561659537, -32.097247140285475], [-53.741130625494975, -32.10063491805721], [-53.7416801274697, -32.10282437413607], [-53.741306215002936, -32.107008819689376], [-53.7436257818963, -32.110842681670256], [-53.74441912449313, -32.11456989833602], [-53.7439729742622, -32.11659549302756], [-53.73801941427433, -32.12575500866227], [-53.737624490938764, -32.12636259476067], [-53.73749912414979, -32.12655548942683]], [[-53.420822725876135, -32.56639936389592], [-53.41698891993068, -32.57741998211088], [-53.396866055457366, -32.5908328139695], [-53.39111767859398, -32.5893944996], [-53.38440765173521, -32.58556452961646], [-53.38199784775468, -32.58005925156111], [-53.38166452853378, -32.579297773106155], [-53.38140536369661, -32.57870563952979]], [[-53.564221488971874, -32.46777376196304], [-53.564172122945976, -32.46782858520421], [-53.563718940708114, -32.46833186541835], [-53.56273025218921, -32.46942985124887], [-53.56208147284896, -32.470150403418785], [-53.55790815600096, -32.47203098617664], [-53.545388094927596, -32.4777643755399], [-53.53628646336842, -32.48303277738739], [-53.52909914419785, -32.48399392779345], [-53.51712067238359, -32.48255560121833], [-53.50897678282011, -32.48159840543526], [-53.49652163499842, -32.48111785158377], [-53.484543264226275, -32.48063683690059], [-53.479614372810154, -32.48239697043037], [-53.479613558806314, -32.48239723843374], [-53.47804365566563, -32.482957843972684], [-53.477833246708514, -32.48303297984911]], [[-53.73749912414979, -32.12655548942683], [-53.73518413005204, -32.13011829972831], [-53.7305146996242, -32.141058882235534], [-53.731270245875265, -32.14590388413156], [-53.734829280155786, -32.150771074392964], [-53.73508480372206, -32.15247277909334], [-53.734524224929395, -32.15376557149308], [-53.73253647059906, -32.15440668867614], [-53.727314198617705, -32.154097830216685], [-53.725021397032116, -32.154490582314594], [-53.72280348725576, -32.15570835293879], [-53.722755877088865, -32.155734494145364]], [[-53.619977013266805, -32.39794120497501], [-53.61993465949867, -32.39803613722795], [-53.61947134503463, -32.39907461399441], [-53.61679931966274, -32.405063509947865], [-53.616852579928846, -32.4069329255372], [-53.61858818132193, -32.408862901756116], [-53.61848543322002, -32.41179289795635]], [[-53.61848543322002, -32.41179289795635], [-53.61847824127565, -32.41200038518263], [-53.618425637996936, -32.413517956837296], [-53.6183710090077, -32.41509237155388], [-53.61489209920468, -32.42065406917393], [-53.60532489903467, -32.42993186862037], [-53.59898099436382, -32.43352520930813], [-53.59688040419703, -32.4352813860183], [-53.594979282425605, -32.43687079980652]], [[-53.31781391154236, -32.60185368807639], [-53.31691047673305, -32.60261130226192], [-53.302959441774625, -32.61430871789655], [-53.296733924368844, -32.62197598409573], [-53.29118613139173, -32.621976018323885], [-53.290981064061754, -32.62197601910852]], [[-53.336498446785384, -32.595147531142366], [-53.33598024242197, -32.59533352130379], [-53.31822521741964, -32.60170609836084], [-53.317969992254866, -32.60179770342536], [-53.31781391154236, -32.60185368807639]], [[-53.650307201224976, -32.296207100049884], [-53.649548144550245, -32.29700045271266], [-53.649543537546165, -32.2970052677349], [-53.64924842528388, -32.297313717158964], [-53.647350611596586, -32.299297192316715], [-53.646946674304296, -32.302760489217306], [-53.6547401079459, -32.31367436708569], [-53.65839848748052, -32.316905432262345], [-53.65827241029942, -32.31834768113781], [-53.65193737085386, -32.32405122681149], [-53.65134517287728, -32.324584393585425]], [[-53.722755877088865, -32.155734494145364], [-53.72251072577881, -32.156164230499236], [-53.722022966151705, -32.157019245192906], [-53.72142420283768, -32.15806894049964], [-53.721599782478016, -32.16045286317473], [-53.72584204115885, -32.169700041127065], [-53.72628043653567, -32.172854499553026], [-53.717834808748705, -32.17802732473112], [-53.71670538776213, -32.18035454530609], [-53.71691156103508, -32.18700345803544], [-53.71477159638639, -32.189101231227006], [-53.71277645765951, -32.18948681919152], [-53.70985431163181, -32.18904066686631], [-53.708771078513585, -32.189574571508324], [-53.70878262342541, -32.19315681097276], [-53.70955590978722, -32.194757291598805], [-53.709602648594846, -32.19485402751573]], [[-53.682014863129346, -32.23057526139365], [-53.682008056221754, -32.23060108344478], [-53.681859140244015, -32.231165968563204], [-53.68177437239516, -32.231487520199835], [-53.68037430440362, -32.236796937711745], [-53.68283100211428, -32.241538602986445]], [[-53.852798791955145, -32.02607222075565], [-53.85279987245936, -32.02616739484549], [-53.85280250768894, -32.026399485064616], [-53.8528215335256, -32.02806726163884], [-53.85063595672591, -32.031531115347], [-53.84460874561788, -32.03406390470808], [-53.84336486777541, -32.03579945813913], [-53.84290326419665, -32.04007614710981], [-53.83982874644382, -32.04195284862451], [-53.838039856568386, -32.044153922582105], [-53.83660155525351, -32.051962290737166], [-53.83486212573597, -32.056082330396826]], [[-53.77160628197325, -32.07696034301557], [-53.77129296574641, -32.0771076713499], [-53.76556791832084, -32.07979872673103], [-53.76017790981881, -32.08034814272283], [-53.7547528841761, -32.07995875691714], [-53.75275398566563, -32.080004840545136], [-53.74982450537254, -32.08237374200334], [-53.74867618861421, -32.090506573409385], [-53.74685291414094, -32.09302042881392], [-53.73505785693885, -32.09379884333521], [-53.73038029947767, -32.09616697342608], [-53.73035336537712, -32.09618060954178], [-53.73023614093947, -32.09623995704527]], [[-53.84741618209261, -31.99185868128882], [-53.8474161700927, -31.99185871328891], [-53.844673579002745, -31.99901830378501], [-53.84635584519054, -32.00026165164327], [-53.84939198861575, -32.00469052752622], [-53.85306981149921, -32.00593437681793], [-53.855449809531144, -32.007829966672496], [-53.85594589699358, -32.009421067366205], [-53.854915931677475, -32.01252995434604], [-53.85374481661907, -32.01394498618542], [-53.85268432899247, -32.01703109625764], [-53.852798791955145, -32.02607222075565]]]}}, {"id": "3", "type": "Feature", "properties": {"IDRIO": 52627, "CORIO": "7966_0", "NORIOCOMP": "Rio Taquari", "NUDISTBACR": 54.91754, "NUCOMPRIO": 236.40987, "DSVERSAO": "BHO 2013 versao 1.3 de 22/07/2014", "rio": "Taquari", "serie": "Qtacuari", "vazao": {"2026-07-04": 20.197, "2026-07-05": 19.585, "2026-07-06": 20.53, "2026-07-07": 20.759, "2026-07-08": 19.901, "2026-07-09": 19.227, "2026-07-10": 18.761}}, "geometry": {"type": "MultiLineString", "coordinates": [[[-51.94746611594798, -29.411636860172866], [-51.94779007120988, -29.411898714471146], [-51.94785625087629, -29.411952208327786], [-51.94789572927377, -29.411984119242263], [-51.9487706410834, -29.41269132034688], [-51.951445081953636, -29.419989128531757]], [[-51.54006341849746, -29.017752593338653], [-51.540358442007715, -29.017659544192984], [-51.54160201337359, -29.01726732736378], [-51.54599567086253, -29.015881480301598], [-51.551217926657074, -29.01585870070667], [-51.55547128218173, -29.01698974527448], [-51.55874806475231, -29.019128113787858], [-51.561548001365246, -29.023135323987272], [-51.56271138738693, -29.02714810669606], [-51.563257014186526, -29.03662035548189], [-51.564256460167094, -29.04063535673594], [-51.568204843354664, -29.04535368721915], [-51.57686826703379, -29.046606962118226], [-51.587320603387724, -29.046273042377383], [-51.59646054848889, -29.045084727647144], [-51.598261112382204, -29.045363580042157], [-51.59990122587293, -29.04693523410166], [-51.601065042539844, -29.049943044123477], [-51.60292678280064, -29.060986349981977], [-51.60619572406633, -29.061688628119445], [-51.60797738705664, -29.05881023239405], [-51.61216182026012, -29.04874300577514], [-51.615881239374744, -29.042553504084662], [-51.61734620308671, -29.0416857257256], [-51.61995903971759, -29.041386282433635], [-51.627153619833194, -29.042643465262994], [-51.63057576030428, -29.041335118588286], [-51.631525206775855, -29.036593463608973], [-51.6311668829295, -29.031427905335565], [-51.62999961175144, -29.027846209383753], [-51.62962962234362, -29.023943504217414], [-51.63044180076975, -29.020538974887824]], [[-51.63044180076975, -29.020538974887824], [-51.63047760187059, -29.020508889717807], [-51.630869452974665, -29.020179602857457], [-51.63117911884701, -29.019919357387213], [-51.63612958379219, -29.015758956883758], [-51.63987180020182, -29.01373172995451], [-51.64771133805781, -29.013979463970585], [-51.65376917441787, -29.016533339768785], [-51.65771367451609, -29.020102216343616], [-51.66183315338694, -29.026110585323778], [-51.668650493276786, -29.04415946291473], [-51.67523062507308, -29.051302790413615], [-51.67721058201267, -29.05430668164635], [-51.677569487642366, -29.059183894403425], [-51.67465511988804, -29.062643871884017], [-51.66844054827465, -29.062102247960162], [-51.66058605379194, -29.060131730227965], [-51.65077823708851, -29.059177865737844], [-51.64312209081113, -29.06223013854479], [-51.63987205072911, -29.06497290499077], [-51.63511542125655, -29.075583479388175], [-51.63439431358707, -29.080389574678794], [-51.6359238009771, -29.083929644305698], [-51.63967844978012, -29.086322986549103], [-51.64029549849967, -29.086716280109684]], [[-51.718535472770085, -29.85386996303545], [-51.71508275593537, -29.861268881195176], [-51.714591129918844, -29.8696555786041], [-51.723467957011025, -29.876066132592054], [-51.73481303020911, -29.8824782880157], [-51.74073305030221, -29.88543881098958], [-51.74467753700806, -29.891357153261], [-51.744677606518785, -29.900236090649123], [-51.74073313982719, -29.910100564179352], [-51.734320942847944, -29.92539229642531], [-51.72593594949628, -29.937722919045296], [-51.71889381176193, -29.94805084999434], [-51.71853596482664, -29.948575700024342]], [[-51.714079826348794, -29.086019964904942], [-51.714408222153, -29.08571813930515], [-51.71500607861692, -29.085168652392742], [-51.7152089361136, -29.08498218940447], [-51.71727321216798, -29.08308488834845], [-51.721671511477155, -29.08076545572391], [-51.72575322852484, -29.080454347433125], [-51.7282099273866, -29.08158930297989], [-51.730513860659734, -29.08372932567411], [-51.73102496052668, -29.086598256606617], [-51.72944220949772, -29.09349712815332], [-51.72443720495314, -29.102135482082943], [-51.717635555835834, -29.110784936101055], [-51.71684217782523, -29.114235508378155], [-51.71783782042199, -29.116094975026755], [-51.722755039941724, -29.11807717961404], [-51.72473066112062, -29.120218831403037], [-51.727901246234104, -29.12924438629094], [-51.73610245348473, -29.132929359506], [-51.7408674444314, -29.135916048209904], [-51.75001861615431, -29.135576520692528], [-51.7537914340353, -29.137278209670626], [-51.75414258816958, -29.14043486457669], [-51.753043721559116, -29.146467677029598], [-51.75032428235596, -29.154522677226613], [-51.74645985577516, -29.162582705304906], [-51.73952476488982, -29.172817504285288], [-51.739512414890015, -29.17283573135649], [-51.73919259089551, -29.173307727200207]], [[-51.912839444734196, -29.332504629889968], [-51.91288845969483, -29.33264951295008], [-51.912956406026495, -29.332850352033446], [-51.91418612312894, -29.33648524054088], [-51.914056695534605, -29.340362979066292], [-51.91310672374994, -29.34381518772398], [-51.91068452604324, -29.347849130319585], [-51.908731200234655, -29.34915576203794], [-51.90890282816947, -29.350015782800288], [-51.90181890190539, -29.356199747685164], [-51.899950033965204, -29.35668028082057], [-51.88969554420658, -29.364214241652], [-51.88026605257776, -29.372603165009057], [-51.87670277101026, -29.37765150609352], [-51.874776647066916, -29.382258138892272]], [[-51.50936291735732, -29.072218928556442], [-51.510690874034395, -29.07222961210402], [-51.51558463500862, -29.07226891169531], [-51.5178696220619, -29.071398874569027], [-51.53154190733758, -29.061871599841542], [-51.54670137684788, -29.055922680010372], [-51.55093587425214, -29.053608711944452], [-51.5543497345879, -29.050437121228367], [-51.55514696573171, -29.046988738863224], [-51.555124177690836, -29.04311261055148], [-51.55298803361426, -29.040539836497892], [-51.53822126263051, -29.028113179658224], [-51.53723290336483, -29.026539888381937], [-51.53657674444037, -29.02294098363937], [-51.53756512461378, -29.02012763166489], [-51.53916694438635, -29.018604871761777], [-51.53997546829033, -29.017836207772593], [-51.54006341849746, -29.017752593338653]], [[-51.90964471997763, -29.768597554100925], [-51.909675099499296, -29.768668979103587], [-51.90978813844032, -29.76893474211354], [-51.91042309334099, -29.770426990168136], [-51.913764774009856, -29.776144730228467], [-51.916480760189344, -29.778687146662072], [-51.917762602961076, -29.7798869980339]], [[-51.47926470566862, -29.018466113826925], [-51.47935773166478, -29.01855617466398], [-51.48005583314078, -29.01923202644079], [-51.480863077785074, -29.020013395025956], [-51.48514312636356, -29.02731615376], [-51.48792758791218, -29.02902893624273], [-51.49577094437941, -29.030291684975744], [-51.50164546983462, -29.02897776305493], [-51.50751272298618, -29.026227197779587], [-51.512387725463476, -29.022046039471174], [-51.51662606980432, -29.02016383510988], [-51.520547202702225, -29.02072274185604], [-51.52431670735196, -29.023289878433477], [-51.52499561799392, -29.028168793221166], [-51.52241282049822, -29.034205461886792], [-51.51884229349448, -29.038382713798892], [-51.505346103928396, -29.05034944496832], [-51.50259945438923, -29.056388372185967], [-51.502301731474084, -29.06212944967002], [-51.50428953701997, -29.06800781668491], [-51.508749134146335, -29.071709472782228], [-51.5092602763187, -29.07213374276142], [-51.50936291735732, -29.072218928556442]], [[-51.775755991113286, -29.856830358541515], [-51.7619429994317, -29.851403752144353], [-51.73826510415684, -29.851403869060036], [-51.720732926847845, -29.85359540701957], [-51.71973188589067, -29.853720537671297], [-51.71905314485104, -29.853805296147105], [-51.718535472770085, -29.85386996303545]], [[-51.87725539494655, -29.216505155823253], [-51.87744999917424, -29.217177844231298], [-51.87823206116533, -29.219881197870095], [-51.877972634871064, -29.222910116565515], [-51.876515419111755, -29.224641843271385], [-51.874069822467355, -29.225807380438038], [-51.86949258230339, -29.226124099502954], [-51.85999361142069, -29.22532689252623], [-51.85574415098839, -29.225784645698564], [-51.8541114156565, -29.22651299840692], [-51.85200970681639, -29.2293968941388], [-51.852192516873224, -29.231405782712812], [-51.856293668359015, -29.239095817994425], [-51.86025317261883, -29.24196300008424], [-51.86412875923745, -29.249555826954822], [-51.86534521024418, -29.25456210075749], [-51.86548716774626, -29.255146323200922]], [[-51.945026510132124, -29.749161833419187], [-51.94501410338604, -29.749455618905003], [-51.945011075690886, -29.749527067023212], [-51.94488875700881, -29.752413526797124], [-51.9431571206425, -29.75634464671081], [-51.940479291770764, -29.758432961120416], [-51.92776478979139, -29.76007522657482], [-51.91522973730702, -29.76289639418347], [-51.91188027976025, -29.765137517148847], [-51.90964471997763, -29.768597554100925]], [[-51.64029549849967, -29.086716280109684], [-51.640360561915855, -29.086715019888068], [-51.645400008153, -29.086617389725443], [-51.652243325548234, -29.083426256425213], [-51.668185055788456, -29.072437835700885], [-51.67274731496051, -29.07097890792752], [-51.67536066520074, -29.070822246854704], [-51.678477358840844, -29.07252781612148], [-51.68177293167964, -29.076529453526348], [-51.6851074381501, -29.086560032615438], [-51.687266382943214, -29.090858892325404], [-51.69223901771844, -29.094417003323134], [-51.692904724114435, -29.09489334184968]], [[-51.86961448096819, -29.278084212483613], [-51.87009472864377, -29.278664814766792], [-51.87033966853858, -29.27896093840119], [-51.87118702355289, -29.279985360135996], [-51.87209452127817, -29.281082456780577], [-51.88765075122662, -29.281406916308935], [-51.89209462661708, -29.28381739597722], [-51.895394704834054, -29.28695295768297], [-51.89672977286763, -29.289526293193994], [-51.89700456132268, -29.293287595190332], [-51.89701587207993, -29.293441865395064]], [[-51.980002565105686, -29.555734765886683], [-51.98020326183598, -29.556719866704697], [-51.98091426913849, -29.560209776601027], [-51.98274147087118, -29.562635901027146], [-51.98376763591759, -29.56650364841248], [-51.98508761628311, -29.567354770171693], [-51.99343832059367, -29.58030363220931], [-51.99545610967491, -29.586080851076357], [-51.99507834423852, -29.590740302483102], [-51.99486815837035, -29.59107091071107], [-51.99434224070024, -29.59189814278374]], [[-51.692904724114435, -29.09489334184968], [-51.693726419493096, -29.094906585096066], [-51.69977484508137, -29.0950039168258], [-51.70562652265184, -29.093790524087897], [-51.71393977400598, -29.08614870558722], [-51.714079826348794, -29.086019964904942]], [[-51.93516379769576, -29.403846882152507], [-51.94115272740208, -29.406538555849693], [-51.94702482550629, -29.4112805381293], [-51.94746611594798, -29.411636860172866]], [[-51.96148146309215, -29.468345809064953], [-51.96327522630817, -29.469155297163738], [-51.967741555194, -29.47117079495752], [-51.97170877748048, -29.474441872398348], [-51.975523872940485, -29.478863007130332], [-51.97605773167663, -29.483165780934105], [-51.97544000308151, -29.48704579903584], [-51.967871674449675, -29.50159865544], [-51.9676271954953, -29.505526717328248], [-51.967585586226505, -29.506195253500376]], [[-51.833042513285164, -29.1406824057424], [-51.833155523499116, -29.140337619805948], [-51.833178530339126, -29.140267428615278], [-51.834121978775265, -29.13738849579596], [-51.83838699097671, -29.136400713757425], [-51.84677148842573, -29.13738064691537], [-51.852997087091524, -29.140444000726585], [-51.85596495100186, -29.144934010861643]], [[-51.967585586226505, -29.506195253500376], [-51.967792674981425, -29.50651088827514], [-51.9705839591168, -29.51076523323656], [-51.9727350549754, -29.512760271917053], [-51.97510453143313, -29.519918630782563], [-51.973715772773744, -29.529115838683666], [-51.97700458000739, -29.541791437830362], [-51.97716414580417, -29.54240642922484]], [[-51.93846423463134, -29.620375522695436], [-51.93870073914391, -29.62103629188941], [-51.93874803304632, -29.62116842492814], [-51.93964320612767, -29.623669441661242], [-51.94229037924501, -29.625658917576516], [-51.95217823048556, -29.62903273764925], [-51.95268211561246, -29.629888845217213], [-51.95481828302689, -29.630018876053402], [-51.958449975836714, -29.6318577313372], [-51.95928107702151, -29.633143300430003], [-51.96109332999025, -29.63341771960094], [-51.962096668874715, -29.635275493969946], [-51.966670635938954, -29.640911599774146]], [[-51.966670635938954, -29.640911599774146], [-51.96702269151058, -29.64141911633193], [-51.96734364567839, -29.641881796928683], [-51.967440675938434, -29.642021674806745], [-51.97058456776711, -29.646553853853202], [-51.9741057455876, -29.653418283132662], [-51.975392760652994, -29.66131988968231], [-51.97542918089904, -29.661543245895402]], [[-51.99434224070024, -29.59189814278374], [-51.99413452782758, -29.592224202996263], [-51.99375502605951, -29.592819757211352], [-51.98965777403998, -29.595585348540336], [-51.982444401630005, -29.597854827846557], [-51.965961017724275, -29.60998601712546], [-51.955977646282115, -29.613789373317235], [-51.94302314721281, -29.61617892458621], [-51.93959364449159, -29.61850218294545], [-51.9386322754618, -29.620096806691166], [-51.93847375462173, -29.620359732638565], [-51.93846423463134, -29.620375522695436]], [[-51.86548716774626, -29.255146323200922], [-51.865617972368405, -29.25645193082608], [-51.86709722826301, -29.27121194617758], [-51.86961448096819, -29.278084212483613]], [[-51.87243632088336, -29.81509330693206], [-51.87232606939944, -29.81514432939061], [-51.871915606597746, -29.81533429709761], [-51.871243994649724, -29.815645127890697], [-51.86818689322974, -29.81705999560451], [-51.85424018423277, -29.819175064068613], [-51.845378441311574, -29.82196009093981], [-51.839484557112854, -29.82615950667189], [-51.83426620913284, -29.83207848465899], [-51.82841060144581, -29.840727956967648], [-51.82046453538544, -29.85513076917876], [-51.80633504492466, -29.86028244487302], [-51.78956542703176, -29.856830281736535], [-51.77624244128132, -29.856830389857734], [-51.776189823938644, -29.856830386039853], [-51.775755991113286, -29.856830358541515]], [[-51.85596495100186, -29.144934010861643], [-51.8559685617955, -29.14533642749417], [-51.85596918910725, -29.145406364604078], [-51.85599163017961, -29.147890094507126], [-51.85444327701383, -29.152851198703384], [-51.85499999855458, -29.15761009543421], [-51.8589711154635, -29.162895134419994], [-51.87489732895314, -29.170540062595087], [-51.883003640858156, -29.171807284102275], [-51.88547633851904, -29.172193695324797], [-51.8884350526506, -29.172656123018072], [-51.88868412142946, -29.17269505123461]], [[-51.917762602961076, -29.7798869980339], [-51.91785524810145, -29.780005606891983], [-51.918010994018516, -29.780205000653325], [-51.918553952701956, -29.780900124821297], [-51.92107764076702, -29.784130850951502], [-51.92129101195794, -29.78958419841908], [-51.917602710173895, -29.79994482076856], [-51.91485215693265, -29.80513089208783], [-51.911426551836705, -29.80845536994646], [-51.907150461176826, -29.808915431445715], [-51.900333122116244, -29.806981004142685], [-51.89524813347312, -29.80420596857184], [-51.890853705698355, -29.80305376404918], [-51.886989184469336, -29.80500158635888], [-51.87668966455964, -29.81312658424634], [-51.87314412899186, -29.81476608798906], [-51.87243632088336, -29.81509330693206]], [[-51.89701587207993, -29.293441865395064], [-51.89694986571023, -29.293680109995744], [-51.89344143222628, -29.306343528915985], [-51.893659274385676, -29.312370782666903], [-51.89715320853199, -29.318805791880347], [-51.91280151334207, -29.332471537967454], [-51.912839444734196, -29.332504629889968]], [[-51.874776647066916, -29.382258138892272], [-51.874894651196904, -29.383014053673485], [-51.87492270617879, -29.383193769859172], [-51.875470520349495, -29.386702052482814], [-51.879121726523806, -29.391989277283027], [-51.88570562298041, -29.39510204364919], [-51.88917346110286, -29.397949826246776], [-51.89794357151841, -29.407076468513445], [-51.905370871652785, -29.412479799537252], [-51.910119783918816, -29.41215753378803], [-51.911260921700716, -29.41157590897718], [-51.91082974670407, -29.400097532549765], [-51.911615270754204, -29.39650364125437], [-51.91275970555049, -29.39592031243026], [-51.9127519366629, -29.395059752113497], [-51.915361404688056, -29.393749770145412], [-51.91929033839276, -29.39314694176902], [-51.92884262222991, -29.398104109830157], [-51.933747386802196, -29.40256013899457], [-51.93441511282328, -29.403166739654864], [-51.934737183209855, -29.403459324008548], [-51.93516379769576, -29.403846882152507]], [[-51.951445081953636, -29.419989128531757], [-51.9513373363107, -29.420224877266918], [-51.951201895759596, -29.420521223191], [-51.94971679468535, -29.42377128632438], [-51.939478376659835, -29.43118527590082], [-51.926576715698545, -29.43687475792276], [-51.9247761741184, -29.436888102109638], [-51.91989719825711, -29.441515377008365], [-51.91764275364032, -29.445980356666194], [-51.91718887234083, -29.45014813069361], [-51.92634059681156, -29.446636470891075], [-51.93208898892969, -29.447744769917723], [-51.936384562686364, -29.4508724990509], [-51.94319405614492, -29.460134728065835], [-51.95686976572358, -29.466655836268195], [-51.96137510823036, -29.468306835369475], [-51.96148146309215, -29.468345809064953]], [[-51.88868412142946, -29.17269505123461], [-51.889144500809536, -29.1730147791815], [-51.89205635251422, -29.175037221520128], [-51.89231976390227, -29.180183341827902], [-51.8908697869761, -29.18277557488251], [-51.885514183835944, -29.18740673945004], [-51.87460416404982, -29.19322011476766], [-51.87300189858402, -29.196819575945153], [-51.87388697475142, -29.20485349673297], [-51.877150331663685, -29.21614187760275], [-51.87725539494655, -29.216505155823253]], [[-51.97716414580417, -29.54240642922484], [-51.977381917988566, -29.54324632376387], [-51.97775970498159, -29.544703072698304], [-51.97968692507958, -29.554182253594952], [-51.980002565105686, -29.555734765886683]], [[-51.73919259089551, -29.173307727200207], [-51.73849081533876, -29.175578164234313], [-51.73804817077131, -29.177009953039644], [-51.74136715542058, -29.183865008826636], [-51.743808792648416, -29.18555109626382], [-51.74783334724996, -29.18567557982309], [-51.75737776293112, -29.184290481243814], [-51.76340116425251, -29.182777667394017], [-51.77136231658137, -29.182508765972493], [-51.783950690750935, -29.1849465302011], [-51.786369676489436, -29.184740357666982], [-51.79077189788875, -29.183134287161657], [-51.79824864448997, -29.177059750063993], [-51.80281470630231, -29.175308662771805], [-51.80690420552842, -29.175714769554617], [-51.81381259185676, -29.18040860964469], [-51.81823760439185, -29.18152858442719], [-51.82328429722938, -29.178627497661633], [-51.827968770125416, -29.17127635399996], [-51.83897433825561, -29.157426835489286], [-51.84090487551559, -29.153970759404906], [-51.841526516823016, -29.149946267846452], [-51.833042513285164, -29.1406824057424]], [[-51.97542918089904, -29.661543245895402], [-51.97542653762671, -29.662149995824795], [-51.97540245548032, -29.667677682289536], [-51.97397971057909, -29.674374411349334], [-51.971106892719945, -29.683151644561786], [-51.96979475986911, -29.683735524976417], [-51.969169189139876, -29.68689778892424], [-51.959304730677694, -29.703764473515626], [-51.95309956473748, -29.71242408904762], [-51.95218642659954, -29.713698418129173]], [[-51.95218642659954, -29.713698418129173], [-51.95148314949086, -29.71467932704203], [-51.948756942070425, -29.718481800209844], [-51.943751990381, -29.728566259744444], [-51.94333646017756, -29.73660741032367], [-51.945026510132124, -29.749161833419187]]]}}, {"id": "4", "type": "Feature", "properties": {"IDRIO": 48034, "CORIO": "798_2", "NORIOCOMP": "Rio Cebollatí", "NUDISTBACR": 226.91598, "NUCOMPRIO": 129.19151, "DSVERSAO": "BHO 2013 versao 1.3 de 22/07/2014", "rio": "Cebollati", "serie": "Qcebollati", "vazao": {"2026-07-04": 126.202, "2026-07-05": 124.943, "2026-07-06": 125.681, "2026-07-07": 126.963, "2026-07-08": 125.762, "2026-07-09": 123.312, "2026-07-10": 120.94}}, "geometry": {"type": "MultiLineString", "coordinates": [[[-54.00658889009084, -33.40288059495222], [-54.00616459283718, -33.402787389553104], [-54.00457112761786, -33.40243735056524], [-53.99610261467193, -33.40057676951197], [-53.99013264833956, -33.399703422371196], [-53.98840429958275, -33.39441622905121], [-53.98930091944996, -33.3905062314562], [-53.99029262304304, -33.38947234473738], [-53.9908992429562, -33.38715290852982], [-53.99037647221982, -33.37708619769861], [-53.99108969231886, -33.372889535594105], [-53.9932413769748, -33.370532312264864], [-53.99396970742549, -33.36691615655471], [-53.991673592674736, -33.36495507805952], [-53.987827974166066, -33.36303232669657], [-53.98578358190889, -33.36337229501731], [-53.98176632271449, -33.366351258186576], [-53.980565176130874, -33.36637790793909], [-53.9777573079624, -33.3645740035788], [-53.97728792488183, -33.36098788460175], [-53.978527883932685, -33.35706620962636], [-53.977936735139735, -33.35492236726311], [-53.97581170147709, -33.35295796708035], [-53.97110058390844, -33.35076849589986], [-53.96967390406608, -33.349219627292165], [-53.96962775051857, -33.34792234744802], [-53.97244721119327, -33.34497404501701], [-53.972561679060675, -33.343386778310716], [-53.97149719473265, -33.34240681372539], [-53.96751440718921, -33.34135016856524], [-53.96069767864961, -33.342665761436734], [-53.95692102105397, -33.3426162672608], [-53.95499482747137, -33.34151021896382], [-53.95446040973188, -33.335906347618945], [-53.95323979982494, -33.33536073398821], [-53.947780893419, -33.33621134014173], [-53.94017086481259, -33.340224726272396], [-53.93355974678242, -33.34139973521661], [-53.92821134210603, -33.341003135941484], [-53.92297406678741, -33.33839363846384], [-53.91917851681312, -33.33776424989046], [-53.91317404096823, -33.33272144647854], [-53.910091809526435, -33.332797619659026], [-53.90566280324671, -33.32872369181476], [-53.897030018315235, -33.327060460418934], [-53.89506160521988, -33.32465708122944], [-53.89292877271377, -33.31232431670983], [-53.89039597323396, -33.308349320463854], [-53.887023675682826, -33.304973192993124], [-53.87892525245353, -33.29868659573007], [-53.873687446324055, -33.29592885106963], [-53.868487915851766, -33.294322717184976], [-53.865859591621025, -33.29265552815414], [-53.864940141394904, -33.29080554526583], [-53.865527917265354, -33.28776496749617], [-53.86684735860416, -33.28629662012792], [-53.86675621679937, -33.28356159226934], [-53.86449301605984, -33.28083913994379], [-53.86427616121037, -33.28057828058316], [-53.863139420273605, -33.27992996451796]], [[-53.72905526231645, -33.176296494934014], [-53.72792164235356, -33.17636199741735], [-53.727277450397, -33.176399255965116], [-53.72361192255285, -33.178180985780486], [-53.71890079203893, -33.181427153910874], [-53.71785134407838, -33.185195959176006], [-53.716279741178504, -33.18886212339386], [-53.71544470178473, -33.19085326432747], [-53.71376639567217, -33.193157727818665], [-53.71093917301849, -33.19598437223723], [-53.707903062534506, -33.198181619944194], [-53.70371414556482, -33.199649932544546], [-53.69606962295376, -33.20142779390707], [-53.686120672186796, -33.20153448486767], [-53.6821904289485, -33.20030224818533], [-53.68118749272161, -33.19998779783867], [-53.68078009237977, -33.19986006632266]], [[-53.67786164823254, -33.17500723975927], [-53.6770110010864, -33.17326003460267], [-53.6703087404182, -33.168129501419365], [-53.659730288281224, -33.16383402905471], [-53.650094655181505, -33.160797342065], [-53.64349849954902, -33.15953844672231], [-53.62999063340606, -33.15723464243723], [-53.62391386144871, -33.1536757840936], [-53.61982053554004, -33.150516917352284], [-53.6062547733249, -33.14409646172837], [-53.60560318640658, -33.14378807600307]], [[-53.863139420273605, -33.27992996451796], [-53.86274794851381, -33.279707891873905], [-53.859191683359136, -33.277690540190555], [-53.85721944149032, -33.275146102861555], [-53.85537278739692, -33.27115608186197], [-53.85530436775778, -33.269141643491444], [-53.853800973842326, -33.26514383813375], [-53.851294856598685, -33.26188999431119], [-53.84789594993375, -33.26283611241163], [-53.847121539632745, -33.26530057545766], [-53.846377685963894, -33.27395997642861], [-53.84558434334449, -33.27584838907761], [-53.84390603434838, -33.276897237514795], [-53.84007597071103, -33.275111715084954], [-53.83584534814327, -33.26642618959557], [-53.832839191147265, -33.26361836409043], [-53.82957365788869, -33.26340455671908], [-53.82481688758997, -33.26563622619257], [-53.8216313415123, -33.266982909782705], [-53.8197468923777, -33.26572790314446], [-53.816920186432206, -33.2629012519128], [-53.81471907482571, -33.261749047597384], [-53.812102404868725, -33.26101678925388], [-53.81032071484142, -33.261642380749755], [-53.80874904352011, -33.26269127276942], [-53.807494027913556, -33.26332073820425], [-53.80540013853957, -33.263526820580054], [-53.804457898552954, -33.263004032844485], [-53.80384161285146, -33.26251376085788], [-53.80340844914074, -33.26216907727288]], [[-54.369069246422995, -33.6521626883977], [-54.36755867411993, -33.65152548697259], [-54.36186694555163, -33.63483607384104], [-54.358361339815076, -33.63144880840909], [-54.35155177424361, -33.631627752679975], [-54.347782929207554, -33.62971275233799], [-54.33953557156529, -33.619554424953634], [-54.324406083867125, -33.62011507862594], [-54.31408372467634, -33.618170126345284], [-54.30701484558749, -33.619611781531745], [-54.29945808455762, -33.61915405329513], [-54.2914507672257, -33.61088797222401], [-54.26990498940519, -33.5936947235253], [-54.26493098287795, -33.5856574794704], [-54.26274877138474, -33.583807446802304], [-54.257167629752004, -33.57907697654786], [-54.24698241026495, -33.56088481173561], [-54.229442203903055, -33.54961264213224], [-54.22800772991278, -33.540113709831246], [-54.210994226428795, -33.52715155177625], [-54.2107842016387, -33.52229936301295], [-54.21773467034205, -33.5035693185368], [-54.21525853298467, -33.49870538773728], [-54.202033704310644, -33.48810447625652], [-54.20201004705139, -33.48808542333603]], [[-53.808646105072135, -33.235881797153624], [-53.80655167626616, -33.23420684297743], [-53.802050513929785, -33.232532400225296], [-53.799219943679624, -33.23127350027138], [-53.796812666124296, -33.229286286057686], [-53.7953482242102, -33.22415124055073], [-53.79649988108666, -33.22080239027494], [-53.798697090059406, -33.21661348121121], [-53.799117003110716, -33.21378678522967], [-53.79880426711299, -33.210540655767446], [-53.7970225585308, -33.207816844484626], [-53.79314696617199, -33.20540630265208], [-53.785292480256736, -33.20247629995098], [-53.781313553982166, -33.2023696624277], [-53.77733466694185, -33.2032091356896], [-53.77482072444228, -33.20352190678323], [-53.771993997814405, -33.202369678881844], [-53.76822510935484, -33.19891358774639], [-53.76330002545386, -33.195461406130015], [-53.75900891142248, -33.19504197855866], [-53.75314163293519, -33.194934781408804], [-53.75031496221753, -33.19430922393732], [-53.74822048515823, -33.192947560987854], [-53.747175475236794, -33.19074639823339], [-53.74696543214261, -33.188442552128265], [-53.74685880487563, -33.186348129793345], [-53.74476431020118, -33.18415087614044], [-53.74340261249449, -33.183624235021014], [-53.741728161999276, -33.18404424291626], [-53.73974035300206, -33.18582536417585], [-53.73869149385041, -33.188652040641266], [-53.73680708800425, -33.19106314002404], [-53.7347126606193, -33.193260426048695], [-53.733350984300294, -33.19388981089747], [-53.731256503084744, -33.19430926443461], [-53.729162626234555, -33.19388985426702], [-53.728113162331695, -33.19242094413828], [-53.727170919147284, -33.19095653859373], [-53.72717088240969, -33.18865210566258], [-53.728533135001044, -33.18571873488036], [-53.72979144455793, -33.183624289207486], [-53.731779209782886, -33.1807976320702], [-53.73177919237136, -33.17891319548924], [-53.73135975013875, -33.17755151498513], [-53.72978200919854, -33.17669231242738], [-53.729450603060315, -33.17651183557047], [-53.72905526231645, -33.176296494934014]], [[-53.68078009237977, -33.19986006632266], [-53.67847618835544, -33.19839119708586], [-53.676591761337406, -33.19462230227161], [-53.676381604952084, -33.189911197121006], [-53.67910557872159, -33.18142724532617], [-53.67890257249005, -33.17727609061304], [-53.67889555865069, -33.17713225051888], [-53.678019531045216, -33.17533178641726], [-53.67798935350768, -33.17526976448269], [-53.67786164823254, -33.17500723975927]], [[-53.60560318640658, -33.14378807600307], [-53.60390935184902, -33.14349996935623], [-53.602093871389336, -33.14319118716536], [-53.58454966129269, -33.140205959950265], [-53.56936351850346, -33.138867066943334], [-53.560802869853944, -33.138112109627414], [-53.54595997358697, -33.139199450355], [-53.53975722387027, -33.139656666896855], [-53.52674154567686, -33.140610604385344], [-53.5111832885226, -33.14112238737859], [-53.510509719272356, -33.14114454401897]], [[-54.20201004705139, -33.48808542333603], [-54.20187259870403, -33.48800290381913], [-54.20068158502891, -33.487287855004915], [-54.19775276731799, -33.485529335296775], [-54.18164710745511, -33.48543385204179], [-54.17584100090888, -33.48750948760143], [-54.16227587373052, -33.48447670506024], [-54.15672590041749, -33.48612841128461], [-54.14968748404849, -33.48503341933602], [-54.13732409860261, -33.48874902509613], [-54.13130791829686, -33.48597242982378], [-54.115033457023465, -33.46330845207148], [-54.11470505733766, -33.462851044023125], [-54.11457456947581, -33.46266929540127], [-54.11442048427728, -33.46245467884772]], [[-54.11442048427728, -33.46245467884772], [-54.10368918205232, -33.45352472449728], [-54.097387472445924, -33.45474915535092], [-54.084341346120226, -33.45128926229149], [-54.06220061527123, -33.45155983801649], [-54.05391110650717, -33.45023658476083], [-54.04917329949282, -33.44640659353865], [-54.04501098690483, -33.435408826514184], [-54.030587471085454, -33.419913275492014], [-54.02609019756011, -33.4171360710908], [-54.004586746197646, -33.416430610399836], [-54.00627387001709, -33.40501258285615], [-54.00654846936445, -33.40315415432485], [-54.00658889009084, -33.40288059495222]], [[-53.80340844914074, -33.26216907727288], [-53.80295635416765, -33.26161904559362], [-53.801944020792874, -33.260387411550624], [-53.80257345290007, -33.25787355302107], [-53.80435452070695, -33.255046827721465], [-53.80456065051053, -33.25242959476467], [-53.804560620297465, -33.250229052957145], [-53.804560597446205, -33.24719237746161], [-53.804457834404765, -33.24478123788172], [-53.80487725957952, -33.24342349712203], [-53.80644890757512, -33.24195458475719], [-53.807074492386015, -33.24101234753159], [-53.809275602404306, -33.238815146102034], [-53.80969505229349, -33.23776625459604], [-53.809596970683096, -33.23759003483521], [-53.808968012357006, -33.23646010836883], [-53.808803833661614, -33.23616515976915], [-53.808646105072135, -33.235881797153624]]]}}, {"id": "5", "type": "Feature", "properties": {"IDRIO": 2021, "CORIO": "798_0", "NORIOCOMP": "Canal de São Gonçalo", "NUDISTBACR": 0.0, "NUCOMPRIO": 74.27378, "DSVERSAO": "BHO 2013 versao 1.3 de 22/07/2014", "rio": "S_Goncalo", "serie": "Qsaogoncalo", "vazao": {"2026-07-04": 191.809, "2026-07-05": 164.825, "2026-07-06": 150.256, "2026-07-07": 127.129, "2026-07-08": 106.473, "2026-07-09": 89.91, "2026-07-10": 80.124}}, "geometry": {"type": "MultiLineString", "coordinates": [[[-52.4139463852501, -31.960716432607672], [-52.41378285537596, -31.960559700035027], [-52.410696307002944, -31.957601446100256], [-52.404889380222386, -31.95355651001051], [-52.404869522021336, -31.953542677068366], [-52.40424571870687, -31.953108118884327]], [[-52.42207555392444, -32.01258480765882], [-52.42207241634374, -32.0122801953237], [-52.422069562918836, -32.01200564002178], [-52.42199166202147, -32.00450923677356], [-52.421389380210776, -31.995550317797893], [-52.418871538901776, -31.987775869279893], [-52.418592609363074, -31.978446960654928], [-52.41783755548432, -31.97494140544989]], [[-52.56875251259972, -32.097339306406354], [-52.56642917030909, -32.09674434342166], [-52.563340798251105, -32.09619724034635], [-52.562164117465684, -32.09598879750849], [-52.54592510013819, -32.095622760732454], [-52.53777670461681, -32.09385665718185], [-52.52841170107076, -32.0899466787716], [-52.528385028490206, -32.08850836826525], [-52.52650446734579, -32.087379518021855], [-52.523887168910576, -32.082664494518376], [-52.52451657666846, -32.08006667426573], [-52.524115997551206, -32.076473346740926], [-52.52269321239663, -32.07223117330015], [-52.52196497009072, -32.07096161759471], [-52.52151823115536, -32.07018281138868]], [[-52.52151823115536, -32.07018281138868], [-52.521442807984315, -32.07005129452266], [-52.5209775747602, -32.06923988934883], [-52.51676137929587, -32.061885641826926], [-52.51453754496738, -32.06018448020921], [-52.51295806115921, -32.057762297378794], [-52.50252072746565, -32.04954122304017], [-52.49894289261316, -32.04771399031554], [-52.49303735620812, -32.048362950048585], [-52.489196188819854, -32.050857383168065], [-52.48583895166955, -32.05219625518366], [-52.483336726755155, -32.05424128680915], [-52.47860281325921, -32.05415738635131], [-52.4775767021568, -32.05330687121569], [-52.47520388350715, -32.05290239759925], [-52.46964945361483, -32.053596289072075], [-52.4532294204779, -32.06034584084812], [-52.45284555776757, -32.06050363045594], [-52.45284158674992, -32.0605052624726]], [[-52.34787448279581, -31.787654841081025], [-52.34562484013011, -31.786290482777456], [-52.34356002824426, -31.78503815892262], [-52.33623937287309, -31.779239808099266], [-52.32848433267128, -31.77997211257642], [-52.32041592670042, -31.779972102342253], [-52.310085843919566, -31.776421059246232], [-52.295235180760294, -31.769964399358557], [-52.28264674669001, -31.770287257146794], [-52.27955137658948, -31.77112648055245], [-52.27937117065199, -31.771175329274687], [-52.27809562701649, -31.771521096386735]], [[-52.41783755548432, -31.97494140544989], [-52.41778911501058, -31.974715309371117], [-52.416421970421744, -31.968334209144484], [-52.415003037360336, -31.961729178845733], [-52.41444282993975, -31.961192236310087], [-52.41423622757186, -31.960994213850046], [-52.4139463852501, -31.960716432607672]], [[-52.623493653405575, -32.14349306476808], [-52.622540350976614, -32.14248973723262], [-52.620571913326835, -32.1342158224965], [-52.62056879235204, -32.131321396321816], [-52.62056801799182, -32.13067194260959]], [[-52.42214840218395, -32.01956979933554], [-52.42214321555238, -32.019062816778224], [-52.42211241197387, -32.016061375478316], [-52.42209109021695, -32.013988692198936], [-52.42207555392444, -32.01258480765882]], [[-52.40424571870687, -31.953108118884327], [-52.398122866723064, -31.94884146270202], [-52.3934572491362, -31.944540341064197], [-52.388902749174115, -31.939041469626556], [-52.38402374096904, -31.927045944885506], [-52.38028864717056, -31.911487631750646], [-52.37911356429586, -31.901636504700296], [-52.38241743511438, -31.890854202965723], [-52.384439099802705, -31.887398127470384], [-52.38909304813123, -31.882636964712837], [-52.40107529313302, -31.87346859970688], [-52.402418043704934, -31.872438561540044], [-52.404866987447434, -31.866474122551555], [-52.406405409942764, -31.860060818409973], [-52.4064958106213, -31.859684093637807], [-52.406032619060205, -31.85800682340393], [-52.40566566990184, -31.85667805721829], [-52.4055229713404, -31.85616131614598]], [[-52.36280181086725, -31.79222476234922], [-52.36132403096223, -31.79198573652477], [-52.36118795595806, -31.79196372700132], [-52.36011237202076, -31.791789755768125], [-52.358128746382114, -31.791468894714686], [-52.352711710403035, -31.790592569683074], [-52.348387027734105, -31.787966099555668], [-52.34834290930901, -31.787939305686972], [-52.34787448279581, -31.787654841081025]], [[-52.43992153545168, -32.05886087973496], [-52.439766440042334, -32.05878481522661], [-52.43953874597316, -32.058673111948295], [-52.438490924452154, -32.058159270269535], [-52.43474469373289, -32.048786459616565], [-52.432673031951886, -32.04621928542174], [-52.42944246829166, -32.044964231024665], [-52.41975292519663, -32.04351422644208], [-52.4163117983637, -32.04249591709194], [-52.41391230326063, -32.04106542039676], [-52.41055952929983, -32.03698374523556], [-52.41049451094451, -32.0330965220602], [-52.41179895067347, -32.03020093991659], [-52.41998564421049, -32.02449422697873], [-52.42194967719629, -32.02002215058906], [-52.42208693049656, -32.019709626723184], [-52.42214840218395, -32.01956979933554]], [[-52.45284158674992, -32.0605052624726], [-52.45255407688569, -32.060509899548784], [-52.45174956766974, -32.06052296356007], [-52.44720764521915, -32.06059640355995], [-52.441385926773236, -32.05958200309626], [-52.440333981203686, -32.05906398442853], [-52.43992153545168, -32.05886087973496]], [[-52.27809562701649, -31.771521096386735], [-52.218545130504445, -31.787578931938466], [-52.21854421649968, -31.78757917794209]], [[-52.62056801799182, -32.13067194260959], [-52.620114863099836, -32.129912180468004], [-52.61957024281701, -32.12899906649947], [-52.618561330473696, -32.12730752740972], [-52.61727183853287, -32.12624309505964], [-52.61595188888684, -32.1244997610745], [-52.606533417167235, -32.11829310644422], [-52.60280672377421, -32.11790815795164], [-52.59090439432796, -32.11432593948178], [-52.58544938712857, -32.110553172691304], [-52.57340263185663, -32.10020820622543], [-52.571582902146396, -32.09908557077549], [-52.57013335003865, -32.09819124119596], [-52.56875251259972, -32.097339306406354]], [[-52.4055229713404, -31.85616131614598], [-52.40237186362401, -31.85300240913601], [-52.389836709169856, -31.845869152213695], [-52.38829946597236, -31.842695279201138], [-52.388131735943446, -31.839163024702785], [-52.39205663654706, -31.82376080221187], [-52.39156105031577, -31.813114115599635], [-52.39010766599318, -31.808025204016765], [-52.38739871448622, -31.80373414700235], [-52.38377863030063, -31.799698047647365], [-52.37739696238841, -31.795934690806735], [-52.37127020234378, -31.793592511684945], [-52.36280181086725, -31.79222476234922]]]}}]}